ID,StartTime,Duration_ns,ConnDuration_ns,DialDuration_ns,DNSDuration_ns,RequestDuration_ns,Status,StatusCode,Error
apisix,2024-03-04T09:58:14Z,23138333,1499583,108708,673708,97375,200 OK,200,
apisix,2024-03-04T09:58:14Z,199780083,1287000,128708,658834,85334,200 OK,200,
apisix,2024-03-04T09:58:14Z,214713667,1412458,132750,634083,75084,200 OK,200,
apisix,2024-03-04T09:58:14Z,239088667,1823625,306250,690917,35000,200 OK,200,
apisix-decoupled,2024-03-04T09:58:14Z,225354625,752208,118833,608375,33708,200 OK,200,
kong,2024-03-04T09:58:14Z,8773875,653541,102792,514416,41708,200 OK,200,
upstream,2024-03-04T09:58:14Z,1188125,432833,93875,310792,55791,200 OK,200,
apisix-decoupled,2024-03-04T09:58:14Z,67493084,487542,86375,364209,38750,200 OK,200,
kong,2024-03-04T09:58:14Z,2880875,459417,141334,274541,55500,200 OK,200,
upstream,2024-03-04T09:58:14Z,1523208,365666,118875,200875,58209,200 OK,200,
apisix-decoupled,2024-03-04T09:58:14Z,51564042,419500,79291,290125,35458,200 OK,200,
kong,2024-03-04T09:58:14Z,2249166,301250,54000,220542,32875,200 OK,200,
upstream,2024-03-04T09:58:14Z,1019667,298792,91667,183750,33542,200 OK,200,
apisix,2024-03-04T09:58:14Z,43381750,324458,67500,221875,54625,200 OK,200,
apisix-decoupled,2024-03-04T09:58:14Z,167345292,991334,131875,736833,88292,200 OK,200,
kong,2024-03-04T09:58:14Z,3313958,581375,122083,405292,63000,200 OK,200,
upstream,2024-03-04T09:58:14Z,2345916,666042,407500,224292,32209,200 OK,200,
apisix,2024-03-04T09:58:14Z,179843708,282666,82500,163125,44958,200 OK,200,
apisix-decoupled,2024-03-04T09:58:14Z,143999500,1028916,602625,330417,50958,200 OK,200,
kong,2024-03-04T09:58:14Z,6289208,1970625,240042,1603667,263583,200 OK,200,
upstream,2024-03-04T09:58:14Z,2128417,553750,119000,381292,48791,200 OK,200,
apisix,2024-03-04T09:58:14Z,261251750,613541,232875,342458,50041,200 OK,200,
apisix,2024-03-04T09:58:14Z,192728875,238166,67792,143459,45792,200 OK,200,
apisix,2024-03-04T09:58:14Z,90142708,3222166,339042,2847125,28083,200 OK,200,
apisix-decoupled,2024-03-04T09:58:14Z,73004084,863750,265708,519750,66083,200 OK,200,
kong,2024-03-04T09:58:14Z,7980042,648584,95625,474208,53541,200 OK,200,
upstream,2024-03-04T09:58:14Z,1504083,1001542,358541,519125,89834,200 OK,200,
apisix-decoupled,2024-03-04T09:58:14Z,203053250,1401000,722542,575458,83917,200 OK,200,
kong,2024-03-04T09:58:14Z,2863917,654667,119083,502000,204792,200 OK,200,
upstream,2024-03-04T09:58:14Z,2127875,598208,153833,407084,144667,200 OK,200,
apisix,2024-03-04T09:58:14Z,12566083,1523625,250958,1193542,97292,200 OK,200,
apisix-decoupled,2024-03-04T09:58:14Z,175840083,727250,86125,590000,53292,200 OK,200,
kong,2024-03-04T09:58:14Z,3224208,425583,92875,273833,53333,200 OK,200,
upstream,2024-03-04T09:58:14Z,698042,330000,117541,171792,43709,200 OK,200,
apisix-decoupled,2024-03-04T09:58:14Z,154010292,1820250,123583,1249125,90416,200 OK,200,
kong,2024-03-04T09:58:14Z,1323875,425542,82500,314708,48375,200 OK,200,
upstream,2024-03-04T09:58:14Z,554833,313333,81541,215959,21041,200 OK,200,
apisix-decoupled,2024-03-04T09:58:14Z,52264333,373083,71708,275333,27208,200 OK,200,
kong,2024-03-04T09:58:14Z,1110375,358709,95208,246416,24291,200 OK,200,
upstream,2024-03-04T09:58:14Z,693375,498000,98917,365084,26667,200 OK,200,
apisix,2024-03-04T09:58:14Z,7170584,434417,77583,315500,43959,200 OK,200,
apisix-decoupled,2024-03-04T09:58:14Z,31323833,894000,170584,695584,25000,200 OK,200,
kong,2024-03-04T09:58:14Z,1599333,455750,112083,303500,40250,200 OK,200,
upstream,2024-03-04T09:58:14Z,563000,409875,82250,293667,33250,200 OK,200,
apisix,2024-03-04T09:58:14Z,127243500,727084,527916,159708,41625,200 OK,200,
apisix,2024-03-04T09:58:14Z,154265584,430500,167625,187708,78750,200 OK,200,
apisix-decoupled,2024-03-04T09:58:15Z,6486750,1681792,92917,731417,369959,200 OK,200,
kong,2024-03-04T09:58:15Z,2065875,488291,137500,306709,54875,200 OK,200,
upstream,2024-03-04T09:58:15Z,2283958,729458,414292,196042,150041,200 OK,200,
apisix,2024-03-04T09:58:14Z,75997167,328334,87958,218250,40708,200 OK,200,
apisix-decoupled,2024-03-04T09:58:15Z,6687125,1258250,340417,794666,46083,200 OK,200,
kong,2024-03-04T09:58:15Z,1612834,502125,123667,338041,42334,200 OK,200,
upstream,2024-03-04T09:58:15Z,611000,364250,61542,260792,41667,200 OK,200,
apisix,2024-03-04T09:58:15Z,8248750,681000,375167,283042,25958,200 OK,200,
apisix-decoupled,2024-03-04T09:58:15Z,35286375,367125,94792,225791,52167,200 OK,200,
kong,2024-03-04T09:58:15Z,1295916,547458,75667,435875,50167,200 OK,200,
upstream,2024-03-04T09:58:15Z,652542,381625,180583,158667,96792,200 OK,200,
apisix-decoupled,2024-03-04T09:58:15Z,12842166,633125,134750,469625,77042,200 OK,200,
kong,2024-03-04T09:58:15Z,1180417,358875,82541,244708,41417,200 OK,200,
upstream,2024-03-04T09:58:15Z,919709,465250,67458,382083,29250,200 OK,200,
apisix,2024-03-04T09:58:15Z,15764667,479750,101292,352750,31500,200 OK,200,
apisix,2024-03-04T09:58:14Z,164586916,307958,91833,191375,31000,200 OK,200,
apisix-decoupled,2024-03-04T09:58:15Z,117391459,306250,113125,167041,31833,200 OK,200,
kong,2024-03-04T09:58:15Z,2940125,1072750,199041,733375,115333,200 OK,200,
upstream,2024-03-04T09:58:15Z,1361958,797333,157792,559875,36708,200 OK,200,
apisix,2024-03-04T09:58:15Z,16551792,677417,161167,410667,107541,200 OK,200,
apisix,2024-03-04T09:58:15Z,186843959,945709,128958,737208,36458,200 OK,200,
apisix-decoupled,2024-03-04T09:58:15Z,149811042,297875,97416,176667,35834,200 OK,200,
kong,2024-03-04T09:58:15Z,2246417,879542,456750,396417,25416,200 OK,200,
upstream,2024-03-04T09:58:15Z,1404959,548917,151709,369333,31000,200 OK,200,
apisix,2024-03-04T09:58:15Z,6061209,624416,95042,507417,19625,200 OK,200,
apisix-decoupled,2024-03-04T09:58:15Z,19456375,231250,165708,12166,61000,200 OK,200,
kong,2024-03-04T09:58:15Z,1704833,363292,52042,283250,19041,200 OK,200,
upstream,2024-03-04T09:58:15Z,589500,361292,83000,253375,36250,200 OK,200,
apisix,2024-03-04T09:58:15Z,175154875,348750,117166,194208,28666,200 OK,200,
apisix,2024-03-04T09:58:15Z,8087583,336084,68875,215584,21209,200 OK,200,
apisix-decoupled,2024-03-04T09:58:15Z,6211375,378625,89209,267250,21667,200 OK,200,
kong,2024-03-04T09:58:15Z,1826583,658292,254500,295084,34042,200 OK,200,
upstream,2024-03-04T09:58:15Z,1302375,636292,73209,538083,26000,200 OK,200,
apisix-decoupled,2024-03-04T09:58:15Z,38637250,523041,100833,388250,41459,200 OK,200,
kong,2024-03-04T09:58:15Z,2090542,1095750,107125,960500,41500,200 OK,200,
upstream,2024-03-04T09:58:15Z,692042,514000,49084,443000,27667,200 OK,200,
apisix,2024-03-04T09:58:15Z,5138333,335250,94000,225458,25542,200 OK,200,
apisix,2024-03-04T09:58:15Z,9902166,3671792,47708,3589292,28125,200 OK,200,
apisix-decoupled,2024-03-04T09:58:15Z,5906292,1685417,79125,1465792,197917,200 OK,200,
apisix-decoupled,2024-03-04T09:58:15Z,5092542,338333,84167,223667,43916,200 OK,200,
kong,2024-03-04T09:58:15Z,3607334,972083,333667,604417,41166,200 OK,200,
upstream,2024-03-04T09:58:15Z,2248750,428083,81208,290958,32708,200 OK,200,
apisix,2024-03-04T09:58:15Z,12491708,1265166,212625,879666,45417,200 OK,200,
apisix-decoupled,2024-03-04T09:58:15Z,4476959,527208,125208,360375,28750,200 OK,200,
kong,2024-03-04T09:58:15Z,1509625,571292,111000,424042,38791,200 OK,200,
upstream,2024-03-04T09:58:15Z,1036375,376125,74333,282750,21250,200 OK,200,
apisix,2024-03-04T09:58:15Z,11395500,421625,108625,282333,26625,200 OK,200,
apisix-decoupled,2024-03-04T09:58:15Z,13372416,471667,115416,324208,19375,200 OK,200,
apisix-decoupled,2024-03-04T09:58:15Z,86733875,486750,95209,319000,40000,200 OK,200,
kong,2024-03-04T09:58:15Z,1423791,399042,115041,247042,22000,200 OK,200,
upstream,2024-03-04T09:58:15Z,534292,381750,81208,287500,11875,200 OK,200,
kong,2024-03-04T09:58:15Z,66350625,2988917,2633167,309000,21333,200 OK,200,
apisix,2024-03-04T09:58:15Z,15061417,430208,57875,357709,9875,200 OK,200,
upstream,2024-03-04T09:58:15Z,773541,465083,70583,353417,15875,200 OK,200,
apisix-decoupled,2024-03-04T09:58:15Z,9337041,419250,117708,276541,21375,200 OK,200,
apisix,2024-03-04T09:58:15Z,10058583,371375,98000,230792,14250,200 OK,200,
kong,2024-03-04T09:58:15Z,2785375,853708,227166,591667,76125,200 OK,200,
upstream,2024-03-04T09:58:15Z,1096667,761250,170333,551917,21958,200 OK,200,
apisix-decoupled,2024-03-04T09:58:15Z,107919250,461042,63667,377958,21875,200 OK,200,
kong,2024-03-04T09:58:15Z,3303584,1102959,311750,694875,78833,200 OK,200,
upstream,2024-03-04T09:58:15Z,2338084,1006916,207958,723667,17625,200 OK,200,
apisix-decoupled,2024-03-04T09:58:15Z,13720500,864417,84000,740875,19625,200 OK,200,
kong,2024-03-04T09:58:15Z,1580708,686166,156834,470208,28041,200 OK,200,
upstream,2024-03-04T09:58:15Z,1290125,345417,101875,225208,11459,200 OK,200,
apisix,2024-03-04T09:58:15Z,20174625,663542,202458,430334,43625,200 OK,200,
apisix,2024-03-04T09:58:15Z,13790292,404208,147541,237375,21541,200 OK,200,
apisix-decoupled,2024-03-04T09:58:15Z,6668875,529833,165208,342167,20583,200 OK,200,
apisix,2024-03-04T09:58:15Z,13620708,262875,95291,149417,16958,200 OK,200,
kong,2024-03-04T09:58:15Z,1422667,482166,81459,372208,27041,200 OK,200,
upstream,2024-03-04T09:58:15Z,765500,597000,74083,508500,13458,200 OK,200,
apisix-decoupled,2024-03-04T09:58:15Z,7265000,442916,60500,328875,58333,200 OK,200,
kong,2024-03-04T09:58:15Z,61136166,487708,179125,281042,24667,200 OK,200,
kong,2024-03-04T09:58:15Z,1696625,523750,60875,441792,16417,200 OK,200,
upstream,2024-03-04T09:58:15Z,1709750,1033667,585250,421667,28666,200 OK,200,
upstream,2024-03-04T09:58:15Z,1388709,470916,301333,125708,41708,200 OK,200,
apisix,2024-03-04T09:58:15Z,6171708,475833,43291,393959,39125,200 OK,200,
apisix-decoupled,2024-03-04T09:58:15Z,10197083,1998750,128541,1848834,20833,200 OK,200,
kong,2024-03-04T09:58:15Z,1672291,648625,153541,449125,75666,200 OK,200,
upstream,2024-03-04T09:58:15Z,1082667,972875,47666,902875,21125,200 OK,200,
apisix,2024-03-04T09:58:15Z,9187792,735875,317125,389958,26708,200 OK,200,
apisix,2024-03-04T09:58:15Z,8579625,672250,338875,303292,19208,200 OK,200,
apisix-decoupled,2024-03-04T09:58:15Z,15110834,326292,55083,260917,9125,200 OK,200,
apisix,2024-03-04T09:58:15Z,10511542,401375,59000,316750,24417,200 OK,200,
kong,2024-03-04T09:58:15Z,2007791,669541,76834,567708,27000,200 OK,200,
upstream,2024-03-04T09:58:15Z,4929125,3835541,55167,3752417,16709,200 OK,200,
apisix-decoupled,2024-03-04T09:58:15Z,16025708,245834,81792,149917,9250,200 OK,200,
apisix-decoupled,2024-03-04T09:58:15Z,9468458,278666,67334,186334,11292,200 OK,200,
kong,2024-03-04T09:58:15Z,2288750,614708,64833,518750,22666,200 OK,200,
upstream,2024-03-04T09:58:15Z,532750,288875,41416,230417,12500,200 OK,200,
kong,2024-03-04T09:58:15Z,2815959,209166,39750,151583,12667,200 OK,200,
upstream,2024-03-04T09:58:15Z,2014750,582667,93416,460625,22375,200 OK,200,
apisix-decoupled,2024-03-04T09:58:15Z,25002458,256958,65250,149833,106000,200 OK,200,
kong,2024-03-04T09:58:15Z,2083292,306541,53708,235041,11834,200 OK,200,
upstream,2024-03-04T09:58:15Z,1161375,841833,70416,737167,26625,200 OK,200,
apisix,2024-03-04T09:58:15Z,14527041,617083,96917,464250,99334,200 OK,200,
apisix,2024-03-04T09:58:15Z,10504042,199084,47708,134458,15291,200 OK,200,
apisix-decoupled,2024-03-04T09:58:15Z,7045750,149000,83458,50583,21500,200 OK,200,
apisix-decoupled,2024-03-04T09:58:15Z,8690000,833750,520083,272333,75667,200 OK,200,
kong,2024-03-04T09:58:15Z,2498625,416125,100500,280542,21208,200 OK,200,
upstream,2024-03-04T09:58:15Z,479792,261542,70292,166708,27791,200 OK,200,
apisix,2024-03-04T09:58:15Z,12574458,496791,48125,431584,16666,200 OK,200,
kong,2024-03-04T09:58:15Z,4832250,1088500,110917,948917,15416,200 OK,200,
upstream,2024-03-04T09:58:15Z,465334,270625,95000,161709,14875,200 OK,200,
apisix,2024-03-04T09:58:15Z,8083875,241750,56917,163208,18000,200 OK,200,
apisix,2024-03-04T09:58:15Z,5230375,277167,65750,195584,12583,200 OK,200,
apisix-decoupled,2024-03-04T09:58:15Z,7673667,333333,65833,224000,21375,200 OK,200,
kong,2024-03-04T09:58:15Z,5073083,229625,53334,163250,10500,200 OK,200,
upstream,2024-03-04T09:58:15Z,1005458,810667,408750,376666,14875,200 OK,200,
apisix,2024-03-04T09:58:15Z,32508458,730250,58458,628083,41250,200 OK,200,
apisix-decoupled,2024-03-04T09:58:15Z,7611000,350875,53833,271417,30042,200 OK,200,
apisix-decoupled,2024-03-04T09:58:15Z,10790334,261209,55833,174416,20917,200 OK,200,
kong,2024-03-04T09:58:15Z,2665417,461792,46208,400917,10083,200 OK,200,
upstream,2024-03-04T09:58:15Z,1279083,839750,145792,682417,8541,200 OK,200,
kong,2024-03-04T09:58:15Z,2649416,392917,41792,329458,16875,200 OK,200,
upstream,2024-03-04T09:58:15Z,1460333,892708,252625,590500,65250,200 OK,200,
apisix-decoupled,2024-03-04T09:58:15Z,11956916,699209,323166,354708,21834,200 OK,200,
kong,2024-03-04T09:58:15Z,1666750,269209,47750,193334,23500,200 OK,200,
upstream,2024-03-04T09:58:15Z,452875,293542,102625,174666,23708,200 OK,200,
apisix,2024-03-04T09:58:15Z,5924542,321708,111792,184417,39500,200 OK,200,
apisix-decoupled,2024-03-04T09:58:15Z,5623959,331500,124833,181208,18458,200 OK,200,
kong,2024-03-04T09:58:15Z,981500,324958,50875,245583,21709,200 OK,200,
upstream,2024-03-04T09:58:15Z,420000,312084,67583,219500,10750,200 OK,200,
apisix,2024-03-04T09:58:15Z,9595625,395167,137750,245375,14166,200 OK,200,
apisix,2024-03-04T09:58:15Z,38567875,372500,100166,251208,17791,200 OK,200,
apisix-decoupled,2024-03-04T09:58:15Z,6107917,375333,91625,258708,12958,200 OK,200,
apisix-decoupled,2024-03-04T09:58:15Z,4262000,327958,73542,237958,11500,200 OK,200,
kong,2024-03-04T09:58:15Z,4454583,268458,63208,156542,13541,200 OK,200,
upstream,2024-03-04T09:58:15Z,439250,263208,95167,148500,10917,200 OK,200,
kong,2024-03-04T09:58:15Z,7158084,318292,72333,225667,13209,200 OK,200,
upstream,2024-03-04T09:58:15Z,389416,248917,78042,147667,28208,200 OK,200,
apisix,2024-03-04T09:58:15Z,47644875,502000,45583,419500,35791,200 OK,200,
apisix,2024-03-04T09:58:15Z,5332000,266500,120209,124292,24875,200 OK,200,
apisix,2024-03-04T09:58:15Z,52677875,588083,86917,487875,14375,200 OK,200,
apisix,2024-03-04T09:58:15Z,11974041,231042,63833,152167,10959,200 OK,200,
apisix-decoupled,2024-03-04T09:58:15Z,11866417,524334,118000,387916,13500,200 OK,200,
apisix-decoupled,2024-03-04T09:58:15Z,5438625,453625,93292,337583,18834,200 OK,200,
kong,2024-03-04T09:58:15Z,1484459,466334,107375,338958,15208,200 OK,200,
apisix-decoupled,2024-03-04T09:58:15Z,6555833,400834,110083,272916,12750,200 OK,200,
upstream,2024-03-04T09:58:15Z,710791,507208,91292,388958,29750,200 OK,200,
kong,2024-03-04T09:58:15Z,1575709,297500,89000,188084,19625,200 OK,200,
upstream,2024-03-04T09:58:15Z,475916,332417,58000,254917,18000,200 OK,200,
kong,2024-03-04T09:58:15Z,1415792,323583,111208,197917,23792,200 OK,200,
upstream,2024-03-04T09:58:15Z,618041,475459,107167,351292,14583,200 OK,200,
apisix,2024-03-04T09:58:15Z,6752792,332291,92500,225542,11833,200 OK,200,
apisix-decoupled,2024-03-04T09:58:15Z,18856791,442125,56750,355167,24250,200 OK,200,
apisix,2024-03-04T09:58:15Z,8274834,229875,87541,127667,10250,200 OK,200,
kong,2024-03-04T09:58:15Z,970000,246917,41417,193500,12792,200 OK,200,
upstream,2024-03-04T09:58:15Z,632208,446458,86458,347791,17208,200 OK,200,
apisix,2024-03-04T09:58:15Z,8123958,265417,55875,198292,9292,200 OK,200,
apisix-decoupled,2024-03-04T09:58:15Z,7981459,484625,90583,371542,11792,200 OK,200,
apisix,2024-03-04T09:58:15Z,7868917,401625,60583,314042,15958,200 OK,200,
apisix-decoupled,2024-03-04T09:58:15Z,11628542,501250,89959,393292,19833,200 OK,200,
kong,2024-03-04T09:58:15Z,1657625,324500,79417,223375,26584,200 OK,200,
upstream,2024-03-04T09:58:15Z,793000,317625,78250,212292,21041,200 OK,200,
apisix-decoupled,2024-03-04T09:58:15Z,4483833,356709,164250,167583,14167,200 OK,200,
apisix-decoupled,2024-03-04T09:58:15Z,12232500,170083,37041,121167,48417,200 OK,200,
kong,2024-03-04T09:58:15Z,6606541,1533667,434625,1044291,241417,200 OK,200,
upstream,2024-03-04T09:58:15Z,581417,336125,81709,238250,34500,200 OK,200,
kong,2024-03-04T09:58:15Z,2730250,371291,43167,313833,19708,200 OK,200,
kong,2024-03-04T09:58:15Z,3039542,299583,124209,155917,18958,200 OK,200,
upstream,2024-03-04T09:58:15Z,592625,187291,42583,129459,18000,200 OK,200,
upstream,2024-03-04T09:58:15Z,449208,287583,72167,199375,17125,200 OK,200,
apisix,2024-03-04T09:58:15Z,5113167,245084,58708,171917,54958,200 OK,200,
apisix,2024-03-04T09:58:15Z,5796333,214917,48917,150875,19417,200 OK,200,
apisix-decoupled,2024-03-04T09:58:15Z,10658875,323542,68791,239958,15833,200 OK,200,
apisix,2024-03-04T09:58:15Z,14521834,219833,61708,145917,23042,200 OK,200,
kong,2024-03-04T09:58:15Z,5265708,615042,79375,447250,145000,200 OK,200,
apisix-decoupled,2024-03-04T09:58:15Z,12392000,360250,90792,240416,42917,200 OK,200,
apisix,2024-03-04T09:58:15Z,19099666,273958,144208,119209,29541,200 OK,200,
upstream,2024-03-04T09:58:15Z,3338041,681500,92459,539208,57417,200 OK,200,
kong,2024-03-04T09:58:15Z,2109000,516958,82375,402292,21417,200 OK,200,
upstream,2024-03-04T09:58:15Z,751375,488875,135666,315333,16750,200 OK,200,
apisix-decoupled,2024-03-04T09:58:15Z,11142709,263958,79000,158625,35375,200 OK,200,
kong,2024-03-04T09:58:15Z,2547250,395542,73584,298792,25292,200 OK,200,
upstream,2024-03-04T09:58:15Z,1956417,642625,34167,583459,20625,200 OK,200,
apisix-decoupled,2024-03-04T09:58:15Z,9211542,788167,106209,631000,23459,200 OK,200,
apisix,2024-03-04T09:58:15Z,11267625,351708,69375,264084,20209,200 OK,200,
kong,2024-03-04T09:58:15Z,4443041,982666,237166,720792,118959,200 OK,200,
apisix,2024-03-04T09:58:15Z,12270083,281542,37833,217834,35791,200 OK,200,
upstream,2024-03-04T09:58:15Z,901584,523916,68917,437334,24750,200 OK,200,
apisix-decoupled,2024-03-04T09:58:15Z,10671834,696292,43667,605708,11792,200 OK,200,
apisix,2024-03-04T09:58:15Z,17219250,917083,73542,824250,15667,200 OK,200,
kong,2024-03-04T09:58:15Z,2685834,1652959,71833,1514458,42500,200 OK,200,
upstream,2024-03-04T09:58:15Z,1022542,825083,60417,721458,47459,200 OK,200,
apisix-decoupled,2024-03-04T09:58:15Z,19282167,911625,446708,428458,61250,200 OK,200,
apisix,2024-03-04T09:58:15Z,18528541,2754833,91958,2647083,193791,200 OK,200,
apisix-decoupled,2024-03-04T09:58:15Z,7260875,536917,216167,276708,51208,200 OK,200,
kong,2024-03-04T09:58:15Z,1652666,365292,52459,289334,29167,200 OK,200,
upstream,2024-03-04T09:58:15Z,1282125,674542,54292,573333,19875,200 OK,200,
kong,2024-03-04T09:58:15Z,3651958,182042,37833,129583,12375,200 OK,200,
upstream,2024-03-04T09:58:15Z,1046083,567458,114209,409458,23291,200 OK,200,
apisix-decoupled,2024-03-04T09:58:15Z,6701625,358250,39834,299250,13750,200 OK,200,
kong,2024-03-04T09:58:15Z,1440459,544541,52083,333208,25666,200 OK,200,
upstream,2024-03-04T09:58:15Z,691334,356917,126208,185417,34666,200 OK,200,
apisix,2024-03-04T09:58:15Z,14516417,425333,127542,270458,24708,200 OK,200,
apisix-decoupled,2024-03-04T09:58:15Z,11047791,322166,61375,235917,30708,200 OK,200,
kong,2024-03-04T09:58:15Z,14620167,3496125,192000,2721958,795875,200 OK,200,
upstream,2024-03-04T09:58:15Z,7887291,4945209,92416,3083875,508625,200 OK,200,
apisix,2024-03-04T09:58:15Z,8918375,517958,128875,352041,47750,200 OK,200,
apisix,2024-03-04T09:58:15Z,50132792,311625,114666,182000,14458,200 OK,200,
apisix-decoupled,2024-03-04T09:58:15Z,5497375,738209,52875,397542,401042,200 OK,200,
apisix-decoupled,2024-03-04T09:58:15Z,6463042,737750,99333,345875,404541,200 OK,200,
apisix,2024-03-04T09:58:15Z,55617291,377500,50375,310375,121750,200 OK,200,
apisix-decoupled,2024-03-04T09:58:15Z,6111625,503875,96667,382209,33000,200 OK,200,
kong,2024-03-04T09:58:15Z,11884000,885125,60416,546708,286542,200 OK,200,
kong,2024-03-04T09:58:15Z,12856834,568125,90291,440375,24583,200 OK,200,
apisix,2024-03-04T09:58:15Z,62927208,149833,36667,96250,14625,200 OK,200,
kong,2024-03-04T09:58:15Z,8436416,495541,87334,362167,47291,200 OK,200,
upstream,2024-03-04T09:58:15Z,8623125,522708,110084,343625,31583,200 OK,200,
upstream,2024-03-04T09:58:15Z,4776917,1073875,95875,947292,39542,200 OK,200,
upstream,2024-03-04T09:58:15Z,8790875,549667,129500,381250,19458,200 OK,200,
apisix-decoupled,2024-03-04T09:58:15Z,10249417,604209,40250,473000,95083,200 OK,200,
kong,2024-03-04T09:58:15Z,2566334,844542,218292,553250,60750,200 OK,200,
upstream,2024-03-04T09:58:15Z,1477833,870333,128000,434292,65375,200 OK,200,
apisix,2024-03-04T09:58:15Z,7810375,236584,74000,29958,111125,200 OK,200,
apisix,2024-03-04T09:58:15Z,7310292,629125,305958,301792,20292,200 OK,200,
apisix-decoupled,2024-03-04T09:58:15Z,6360541,603917,170459,412417,28833,200 OK,200,
apisix,2024-03-04T09:58:15Z,15086292,249000,42083,178167,31709,200 OK,200,
kong,2024-03-04T09:58:15Z,2045667,328834,58167,241667,26292,200 OK,200,
upstream,2024-03-04T09:58:15Z,1097334,646584,59792,567833,26125,200 OK,200,
apisix,2024-03-04T09:58:15Z,19295916,597250,320833,222042,45584,200 OK,200,
apisix,2024-03-04T09:58:15Z,11699083,375833,102292,255875,19917,200 OK,200,
apisix-decoupled,2024-03-04T09:58:15Z,16496083,540792,60500,380708,36500,200 OK,200,
kong,2024-03-04T09:58:15Z,7370667,2744875,221167,2476625,27250,200 OK,200,
upstream,2024-03-04T09:58:15Z,1278125,877250,240083,580583,96167,200 OK,200,
apisix-decoupled,2024-03-04T09:58:15Z,19316000,845166,69083,760458,20291,200 OK,200,
kong,2024-03-04T09:58:15Z,5136875,1519250,295042,1184167,47500,200 OK,200,
upstream,2024-03-04T09:58:15Z,1571167,1253167,660708,488375,97917,200 OK,200,
apisix,2024-03-04T09:58:15Z,8507042,473750,58375,396292,24500,200 OK,200,
apisix,2024-03-04T09:58:15Z,6618417,328667,130208,178959,27167,200 OK,200,
apisix-decoupled,2024-03-04T09:58:15Z,24799209,2810792,63458,2654625,40458,200 OK,200,
kong,2024-03-04T09:58:15Z,1769875,257292,54750,181000,22750,200 OK,200,
upstream,2024-03-04T09:58:15Z,431500,280917,46875,187292,32292,200 OK,200,
apisix-decoupled,2024-03-04T09:58:15Z,12203416,740042,374750,309500,58333,200 OK,200,
apisix-decoupled,2024-03-04T09:58:15Z,7721333,667958,200000,431083,40667,200 OK,200,
apisix,2024-03-04T09:58:15Z,6773708,315625,42666,259541,24500,200 OK,200,
kong,2024-03-04T09:58:15Z,3870333,394750,51666,324750,21375,200 OK,200,
upstream,2024-03-04T09:58:15Z,1343084,843958,228417,597750,10250,200 OK,200,
kong,2024-03-04T09:58:15Z,6441792,258958,74084,164042,47167,200 OK,200,
upstream,2024-03-04T09:58:15Z,5182250,2706833,597875,1872834,1126375,200 OK,200,
apisix-decoupled,2024-03-04T09:58:15Z,8769166,989583,39792,912542,48667,200 OK,200,
kong,2024-03-04T09:58:15Z,2510125,186209,44416,112333,45208,200 OK,200,
upstream,2024-03-04T09:58:15Z,962167,410500,116875,259458,31375,200 OK,200,
apisix,2024-03-04T09:58:15Z,12007542,677666,104166,552125,16750,200 OK,200,
apisix,2024-03-04T09:58:15Z,7671542,580625,66917,477458,20834,200 OK,200,
apisix-decoupled,2024-03-04T09:58:15Z,69545959,1741208,366792,1352625,18042,200 OK,200,
kong,2024-03-04T09:58:15Z,2223417,689042,55291,589708,32666,200 OK,200,
upstream,2024-03-04T09:58:15Z,2847584,789709,328541,442958,21250,200 OK,200,
apisix,2024-03-04T09:58:15Z,14725708,2413750,109666,2239083,26250,200 OK,200,
apisix-decoupled,2024-03-04T09:58:15Z,15495541,842875,164750,644166,59792,200 OK,200,
apisix-decoupled,2024-03-04T09:58:15Z,18356084,1705291,161625,1305750,91000,200 OK,200,
kong,2024-03-04T09:58:15Z,2006083,463750,97417,332792,41583,200 OK,200,
apisix-decoupled,2024-03-04T09:58:15Z,7263000,354000,52500,241625,28209,200 OK,200,
upstream,2024-03-04T09:58:15Z,881917,382958,46625,312959,22917,200 OK,200,
kong,2024-03-04T09:58:15Z,3898292,584042,52250,457625,33875,200 OK,200,
apisix,2024-03-04T09:58:15Z,9660209,636666,186500,378917,77375,200 OK,200,
kong,2024-03-04T09:58:15Z,2535792,293833,48917,218750,20542,200 OK,200,
upstream,2024-03-04T09:58:15Z,2376084,849958,378875,410458,22083,200 OK,200,
upstream,2024-03-04T09:58:15Z,2157750,426625,93709,299875,90250,200 OK,200,
apisix,2024-03-04T09:58:15Z,7095250,436000,67500,345291,23916,200 OK,200,
apisix-decoupled,2024-03-04T09:58:15Z,14186083,558000,60084,480667,18834,200 OK,200,
apisix,2024-03-04T09:58:15Z,12028542,896250,207375,623250,25250,200 OK,200,
kong,2024-03-04T09:58:15Z,2614333,825209,79750,726292,40083,200 OK,200,
upstream,2024-03-04T09:58:15Z,1099125,644500,304750,304375,89959,200 OK,200,
apisix-decoupled,2024-03-04T09:58:15Z,11789708,452292,52083,365208,30541,200 OK,200,
apisix,2024-03-04T09:58:15Z,6304916,392791,58125,316875,13792,200 OK,200,
kong,2024-03-04T09:58:15Z,3636875,308667,71084,216417,25208,200 OK,200,
upstream,2024-03-04T09:58:15Z,4516958,616375,75166,488834,31417,200 OK,200,
apisix-decoupled,2024-03-04T09:58:15Z,20995750,637416,78792,523791,36292,200 OK,200,
apisix,2024-03-04T09:58:15Z,38465916,1586208,217250,1338292,47333,200 OK,200,
kong,2024-03-04T09:58:15Z,1357000,460875,48583,372500,18917,200 OK,200,
upstream,2024-03-04T09:58:15Z,884084,593291,56916,379750,12708,200 OK,200,
apisix,2024-03-04T09:58:15Z,7851167,1094417,205375,864000,27625,200 OK,200,
apisix-decoupled,2024-03-04T09:58:15Z,19642792,1257916,224625,963583,77667,200 OK,200,
apisix,2024-03-04T09:58:15Z,6830583,402875,56959,295792,15333,200 OK,200,
kong,2024-03-04T09:58:15Z,4284750,771209,127000,625500,30042,200 OK,200,
upstream,2024-03-04T09:58:15Z,2172167,658250,121666,324834,31417,200 OK,200,
apisix-decoupled,2024-03-04T09:58:15Z,22394875,2253250,116833,2113709,17458,200 OK,200,
apisix,2024-03-04T09:58:15Z,12073000,1116500,171250,843459,77125,200 OK,200,
apisix-decoupled,2024-03-04T09:58:15Z,29511250,543709,96917,407792,36666,200 OK,200,
kong,2024-03-04T09:58:15Z,8147500,1549042,207834,425375,35833,200 OK,200,
apisix-decoupled,2024-03-04T09:58:15Z,24831000,808334,265834,446208,95250,200 OK,200,
upstream,2024-03-04T09:58:15Z,607333,397750,166834,184417,79292,200 OK,200,
kong,2024-03-04T09:58:15Z,5624875,272458,50791,202917,20500,200 OK,200,
upstream,2024-03-04T09:58:15Z,1931250,1766916,75125,1668875,22833,200 OK,200,
kong,2024-03-04T09:58:15Z,9071542,550875,51875,253000,243583,200 OK,200,
upstream,2024-03-04T09:58:15Z,1438917,1271583,943000,295917,41875,200 OK,200,
apisix,2024-03-04T09:58:15Z,10839375,3971292,72958,3877041,39625,200 OK,200,
apisix-decoupled,2024-03-04T09:58:15Z,18484583,523875,161458,287250,66708,200 OK,200,
apisix,2024-03-04T09:58:15Z,8434875,213375,53750,144625,14667,200 OK,200,
kong,2024-03-04T09:58:15Z,5189833,421250,166875,236167,18000,200 OK,200,
upstream,2024-03-04T09:58:15Z,428667,266959,53750,187208,26875,200 OK,200,
apisix-decoupled,2024-03-04T09:58:15Z,19990833,853042,662500,172958,1090167,200 OK,200,
apisix-decoupled,2024-03-04T09:58:15Z,18807958,363709,108500,230584,27250,200 OK,200,
kong,2024-03-04T09:58:15Z,2973250,235667,149708,70000,30750,200 OK,200,
upstream,2024-03-04T09:58:15Z,912667,253625,65250,164875,202750,200 OK,200,
kong,2024-03-04T09:58:15Z,4573709,752791,91833,631917,75750,200 OK,200,
upstream,2024-03-04T09:58:15Z,2504875,2092583,1907292,150375,147167,200 OK,200,
apisix,2024-03-04T09:58:15Z,38993542,343209,59750,263666,20042,200 OK,200,
apisix-decoupled,2024-03-04T09:58:15Z,13978125,644375,76416,512625,50500,200 OK,200,
kong,2024-03-04T09:58:15Z,2708958,725208,102792,588500,77750,200 OK,200,
upstream,2024-03-04T09:58:15Z,1285834,879167,165459,631542,60958,200 OK,200,
apisix,2024-03-04T09:58:15Z,12952666,1215041,422250,770750,20250,200 OK,200,
apisix,2024-03-04T09:58:15Z,45316626,2295750,1093833,1175125,26500,200 OK,200,
apisix,2024-03-04T09:58:15Z,63252667,1992709,48291,1926791,21708,200 OK,200,
apisix,2024-03-04T09:58:15Z,47667709,2186667,48667,1929209,165583,200 OK,200,
apisix-decoupled,2024-03-04T09:58:15Z,9596292,714542,240125,454875,109292,200 OK,200,
apisix-decoupled,2024-03-04T09:58:15Z,10864667,905583,321417,541875,43708,200 OK,200,
apisix-decoupled,2024-03-04T09:58:15Z,11400709,730791,419417,294958,39166,200 OK,200,
kong,2024-03-04T09:58:15Z,3641250,985625,165584,780166,40083,200 OK,200,
kong,2024-03-04T09:58:15Z,3080500,766000,57167,679708,26334,200 OK,200,
upstream,2024-03-04T09:58:15Z,947917,660125,149916,488042,27833,200 OK,200,
upstream,2024-03-04T09:58:15Z,704667,587458,423292,145750,20500,200 OK,200,
kong,2024-03-04T09:58:15Z,3479834,2046542,156250,1842083,97917,200 OK,200,
apisix-decoupled,2024-03-04T09:58:15Z,10376417,596916,90291,455458,53416,200 OK,200,
upstream,2024-03-04T09:58:15Z,1207750,888750,135875,694041,61834,200 OK,200,
kong,2024-03-04T09:58:15Z,3333000,438041,58792,362791,80000,200 OK,200,
upstream,2024-03-04T09:58:15Z,1962250,1148458,48291,1078750,116375,200 OK,200,
apisix,2024-03-04T09:58:15Z,10589541,461667,70084,373583,20084,200 OK,200,
apisix,2024-03-04T09:58:15Z,11018083,244667,57125,167959,22833,200 OK,200,
apisix,2024-03-04T09:58:15Z,18127875,234541,159667,62250,10833,200 OK,200,
apisix-decoupled,2024-03-04T09:58:15Z,10029291,580334,149958,336083,82709,200 OK,200,
kong,2024-03-04T09:58:15Z,1623375,462833,65875,338208,44750,200 OK,200,
upstream,2024-03-04T09:58:15Z,830000,379125,49250,302334,18834,200 OK,200,
apisix,2024-03-04T09:58:15Z,5897625,376416,51333,309917,17250,200 OK,200,
apisix,2024-03-04T09:58:15Z,24949791,405958,90667,285084,28791,200 OK,200,
apisix-decoupled,2024-03-04T09:58:15Z,25091334,636417,64041,522958,27833,200 OK,200,
apisix-decoupled,2024-03-04T09:58:15Z,7992750,662209,266459,362042,30125,200 OK,200,
apisix-decoupled,2024-03-04T09:58:15Z,22458958,904250,201292,664917,30625,200 OK,200,
kong,2024-03-04T09:58:15Z,12387291,508542,69000,365458,96000,200 OK,200,
kong,2024-03-04T09:58:16Z,9861459,703167,43625,639292,18958,200 OK,200,
apisix-decoupled,2024-03-04T09:58:15Z,32861750,590792,56041,433833,36083,200 OK,200,
kong,2024-03-04T09:58:15Z,23972458,470792,216542,225042,28500,200 OK,200,
upstream,2024-03-04T09:58:16Z,16187000,879833,223166,629417,29000,200 OK,200,
upstream,2024-03-04T09:58:16Z,6060041,1175958,116583,1038875,23875,200 OK,200,
upstream,2024-03-04T09:58:16Z,19125084,18514125,74042,826250,17605625,200 OK,200,
kong,2024-03-04T09:58:16Z,11144042,506375,124584,323333,132125,200 OK,200,
upstream,2024-03-04T09:58:16Z,15586958,15195416,126500,15016041,71209,200 OK,200,
apisix,2024-03-04T09:58:16Z,34591500,1920417,1069625,45583,2631417,200 OK,200,
apisix,2024-03-04T09:58:16Z,37245375,3014000,95500,2889417,80417,200 OK,200,
apisix,2024-03-04T09:58:16Z,35227792,2065000,197792,544500,2628125,200 OK,200,
apisix-decoupled,2024-03-04T09:58:16Z,23233667,2218375,176041,1087416,46375,200 OK,200,
apisix-decoupled,2024-03-04T09:58:16Z,23490791,2360000,79292,1300584,210667,200 OK,200,
apisix-decoupled,2024-03-04T09:58:16Z,23239292,1988250,129542,1179167,77125,200 OK,200,
apisix,2024-03-04T09:58:16Z,40132750,711791,69084,608084,21375,200 OK,200,
apisix-decoupled,2024-03-04T09:58:16Z,12226083,587459,66667,471750,88709,200 OK,200,
kong,2024-03-04T09:58:16Z,17611042,1933834,230708,1686500,20750,200 OK,200,
kong,2024-03-04T09:58:16Z,17959750,2122833,227292,1841542,25042,200 OK,200,
kong,2024-03-04T09:58:16Z,19237000,1483834,178792,1278625,43708,200 OK,200,
upstream,2024-03-04T09:58:16Z,6367458,646042,132542,493542,22375,200 OK,200,
upstream,2024-03-04T09:58:16Z,8504041,153959,105208,13875,45333,200 OK,200,
upstream,2024-03-04T09:58:16Z,8897000,351750,40500,272375,37250,200 OK,200,
apisix,2024-03-04T09:58:16Z,21393125,601875,199041,366542,74833,200 OK,200,
apisix,2024-03-04T09:58:16Z,22028250,542125,39750,465292,33416,200 OK,200,
apisix,2024-03-04T09:58:16Z,21709750,328958,219500,84458,21250,200 OK,200,
kong,2024-03-04T09:58:16Z,54116708,578000,73250,443292,69375,200 OK,200,
upstream,2024-03-04T09:58:16Z,2811958,1036792,290250,649583,92292,200 OK,200,
apisix-decoupled,2024-03-04T09:58:16Z,27553584,8691000,456291,5682833,1055209,200 OK,200,
apisix,2024-03-04T09:58:16Z,16828542,1371500,197542,1099834,69792,200 OK,200,
kong,2024-03-04T09:58:16Z,14195250,801583,143416,588000,55084,200 OK,200,
apisix-decoupled,2024-03-04T09:58:16Z,42184833,8519500,355250,5772167,1080917,200 OK,200,
kong,2024-03-04T09:58:16Z,2885458,1372958,427416,884667,39041,200 OK,200,
upstream,2024-03-04T09:58:16Z,3633375,1551959,408584,1058333,69166,200 OK,200,
upstream,2024-03-04T09:58:16Z,731208,478042,109250,334584,37750,200 OK,200,
apisix-decoupled,2024-03-04T09:58:16Z,8211709,835417,140542,620333,177375,200 OK,200,
kong,2024-03-04T09:58:16Z,2237625,1309459,65167,1225542,38125,200 OK,200,
upstream,2024-03-04T09:58:16Z,1547125,1135375,457333,500125,197083,200 OK,200,
apisix-decoupled,2024-03-04T09:58:16Z,51381833,8885292,636500,5712167,865208,200 OK,200,
kong,2024-03-04T09:58:16Z,1397167,453792,185583,232417,30750,200 OK,200,
apisix,2024-03-04T09:58:16Z,7156292,540583,71958,451583,27292,200 OK,200,
upstream,2024-03-04T09:58:16Z,1311958,584917,175916,381250,28333,200 OK,200,
apisix,2024-03-04T09:58:16Z,8237666,713166,250042,394625,85333,200 OK,200,
apisix-decoupled,2024-03-04T09:58:16Z,9836000,449334,107792,317250,50458,200 OK,200,
apisix,2024-03-04T09:58:16Z,17131292,329958,64541,251209,15958,200 OK,200,
kong,2024-03-04T09:58:16Z,1484334,434500,272250,145917,12292,200 OK,200,
upstream,2024-03-04T09:58:16Z,1135291,940292,73250,356708,32667,200 OK,200,
apisix,2024-03-04T09:58:16Z,15482375,991208,304625,641833,17625,200 OK,200,
apisix-decoupled,2024-03-04T09:58:16Z,4934000,102084,81334,8209,27250,200 OK,200,
kong,2024-03-04T09:58:16Z,1504583,331750,44125,259958,17500,200 OK,200,
upstream,2024-03-04T09:58:16Z,651958,480583,44416,417541,24333,200 OK,200,
apisix-decoupled,2024-03-04T09:58:16Z,5246500,334792,67459,251959,21292,200 OK,200,
apisix,2024-03-04T09:58:16Z,8272416,516334,90209,408208,27500,200 OK,200,
kong,2024-03-04T09:58:16Z,7922625,298458,63000,219209,16625,200 OK,200,
upstream,2024-03-04T09:58:16Z,1775875,1128125,243250,703708,103167,200 OK,200,
apisix-decoupled,2024-03-04T09:58:16Z,19184042,789042,33208,721167,39750,200 OK,200,
apisix-decoupled,2024-03-04T09:58:16Z,7888833,200208,48834,121625,27958,200 OK,200,
apisix,2024-03-04T09:58:16Z,11688041,416584,140875,214250,97708,200 OK,200,
kong,2024-03-04T09:58:16Z,2667750,646417,96542,518209,27500,200 OK,200,
kong,2024-03-04T09:58:16Z,3871625,965250,38334,242125,19000,200 OK,200,
upstream,2024-03-04T09:58:16Z,1745500,985625,47833,792083,17000,200 OK,200,
upstream,2024-03-04T09:58:16Z,1275916,765375,66417,679083,18666,200 OK,200,
apisix-decoupled,2024-03-04T09:58:16Z,7384333,576667,51875,493334,43000,200 OK,200,
kong,2024-03-04T09:58:16Z,2203125,749709,93916,618834,83125,200 OK,200,
upstream,2024-03-04T09:58:16Z,759833,433958,65250,350875,18000,200 OK,200,
apisix,2024-03-04T09:58:16Z,8247625,775875,397459,355375,18500,200 OK,200,
apisix,2024-03-04T09:58:16Z,9383375,499292,50500,430875,20833,200 OK,200,
apisix,2024-03-04T09:58:16Z,7293500,608916,170417,353750,61750,200 OK,200,
apisix,2024-03-04T09:58:16Z,20827333,1301375,55041,1224333,14458,200 OK,200,
apisix-decoupled,2024-03-04T09:58:16Z,15217417,416792,50083,344791,21084,200 OK,200,
kong,2024-03-04T09:58:16Z,1872667,264250,48625,188625,18625,200 OK,200,
upstream,2024-03-04T09:58:16Z,626333,441208,67208,345417,27708,200 OK,200,
apisix,2024-03-04T09:58:16Z,6055542,374208,209667,145667,27250,200 OK,200,
apisix-decoupled,2024-03-04T09:58:16Z,25444000,618083,252167,305583,248625,200 OK,200,
kong,2024-03-04T09:58:16Z,1672625,424500,50542,342875,29375,200 OK,200,
apisix-decoupled,2024-03-04T09:58:16Z,6396917,380292,69209,272333,35584,200 OK,200,
upstream,2024-03-04T09:58:16Z,2359791,399500,94666,287500,16083,200 OK,200,
apisix-decoupled,2024-03-04T09:58:16Z,24022250,394834,50084,328541,17333,200 OK,200,
apisix-decoupled,2024-03-04T09:58:16Z,26543750,657584,50834,558458,31834,200 OK,200,
kong,2024-03-04T09:58:16Z,1596250,363417,42458,308834,22542,200 OK,200,
upstream,2024-03-04T09:58:16Z,739709,603125,129458,460000,19166,200 OK,200,
kong,2024-03-04T09:58:16Z,975166,330583,131291,155500,19209,200 OK,200,
kong,2024-03-04T09:58:16Z,4963750,420416,83041,322958,54250,200 OK,200,
upstream,2024-03-04T09:58:16Z,4184792,3947458,54708,3871375,42333,200 OK,200,
apisix,2024-03-04T09:58:16Z,4576292,174916,52125,108625,19084,200 OK,200,
upstream,2024-03-04T09:58:16Z,691292,242792,44708,181791,19041,200 OK,200,
apisix-decoupled,2024-03-04T09:58:16Z,4416709,262083,50500,195917,20125,200 OK,200,
apisix,2024-03-04T09:58:16Z,10848250,502542,156625,320042,16834,200 OK,200,
apisix,2024-03-04T09:58:16Z,6099334,332250,81250,238375,16583,200 OK,200,
kong,2024-03-04T09:58:16Z,2633417,910542,97375,795458,26333,200 OK,200,
upstream,2024-03-04T09:58:16Z,823500,336042,54708,263250,15167,200 OK,200,
apisix,2024-03-04T09:58:16Z,10954125,599541,44375,541916,16125,200 OK,200,
apisix-decoupled,2024-03-04T09:58:16Z,7067167,441459,96667,309875,14083,200 OK,200,
apisix,2024-03-04T09:58:16Z,6053709,629542,45875,534458,32666,200 OK,200,
kong,2024-03-04T09:58:16Z,2004500,763083,145375,428166,25542,200 OK,200,
upstream,2024-03-04T09:58:16Z,1286292,821750,305875,482292,23042,200 OK,200,
apisix-decoupled,2024-03-04T09:58:16Z,14719042,893166,166333,671583,18875,200 OK,200,
kong,2024-03-04T09:58:16Z,3008917,1264167,200959,977291,277416,200 OK,200,
upstream,2024-03-04T09:58:16Z,1840791,1138666,365334,682125,122500,200 OK,200,
apisix-decoupled,2024-03-04T09:58:16Z,14553500,692083,189042,466083,87834,200 OK,200,
kong,2024-03-04T09:58:16Z,2869875,447792,55334,349959,30125,200 OK,200,
apisix,2024-03-04T09:58:16Z,16083500,1055250,146916,881292,34250,200 OK,200,
upstream,2024-03-04T09:58:16Z,3544416,3153833,93042,1121209,601666,200 OK,200,
apisix-decoupled,2024-03-04T09:58:16Z,27451542,917375,104791,797292,27500,200 OK,200,
kong,2024-03-04T09:58:16Z,3067792,436084,87334,280875,42792,200 OK,200,
upstream,2024-03-04T09:58:16Z,581666,398916,127083,245875,23334,200 OK,200,
apisix,2024-03-04T09:58:16Z,26140625,1397000,923791,437333,27625,200 OK,200,
apisix-decoupled,2024-03-04T09:58:16Z,20252500,730875,276792,257416,195541,200 OK,200,
kong,2024-03-04T09:58:16Z,1024083,356000,127459,211542,25958,200 OK,200,
upstream,2024-03-04T09:58:16Z,484917,288708,76833,199625,11625,200 OK,200,
apisix,2024-03-04T09:58:16Z,10431792,366042,59750,277458,30750,200 OK,200,
apisix-decoupled,2024-03-04T09:58:16Z,4376375,358500,97708,239084,20417,200 OK,200,
kong,2024-03-04T09:58:16Z,1186750,416083,45583,349166,11000,200 OK,200,
apisix,2024-03-04T09:58:16Z,25529208,703667,239291,435542,76000,200 OK,200,
upstream,2024-03-04T09:58:16Z,767416,625208,47125,565708,9167,200 OK,200,
apisix,2024-03-04T09:58:16Z,6420666,218750,54167,147834,13000,200 OK,200,
apisix-decoupled,2024-03-04T09:58:16Z,6959458,307792,91750,202416,13542,200 OK,200,
kong,2024-03-04T09:58:16Z,1208750,228000,53417,157792,13750,200 OK,200,
apisix,2024-03-04T09:58:16Z,5946708,404375,41541,352833,8125,200 OK,200,
upstream,2024-03-04T09:58:16Z,715916,332875,46500,272208,12500,200 OK,200,
apisix,2024-03-04T09:58:16Z,4430083,306792,166917,126542,14500,200 OK,200,
apisix-decoupled,2024-03-04T09:58:16Z,5382583,142250,33959,97542,8000,200 OK,200,
kong,2024-03-04T09:58:16Z,1612417,440959,63208,358375,34834,200 OK,200,
apisix-decoupled,2024-03-04T09:58:16Z,13748042,328959,40666,274625,13125,200 OK,200,
upstream,2024-03-04T09:58:16Z,982375,555792,51291,489750,14666,200 OK,200,
kong,2024-03-04T09:58:16Z,993292,229500,43584,162250,30167,200 OK,200,
apisix-decoupled,2024-03-04T09:58:16Z,4826125,366833,139584,210125,13917,200 OK,200,
upstream,2024-03-04T09:58:16Z,1239209,903417,105292,747792,41292,200 OK,200,
kong,2024-03-04T09:58:16Z,1584208,726792,267750,399458,12833,200 OK,200,
upstream,2024-03-04T09:58:16Z,1171208,811250,253834,497083,70916,200 OK,200,
apisix,2024-03-04T09:58:16Z,5036958,330584,185375,134834,8708,200 OK,200,
apisix,2024-03-04T09:58:16Z,6793250,495458,93584,386625,13208,200 OK,200,
apisix-decoupled,2024-03-04T09:58:16Z,7608334,321625,58000,248416,10667,200 OK,200,
apisix,2024-03-04T09:58:16Z,8479166,528500,59375,437541,30250,200 OK,200,
kong,2024-03-04T09:58:16Z,2082542,465667,89542,352250,19417,200 OK,200,
apisix-decoupled,2024-03-04T09:58:16Z,27454875,886500,186791,670584,40084,200 OK,200,
upstream,2024-03-04T09:58:16Z,1679042,402459,74750,311791,14459,200 OK,200,
kong,2024-03-04T09:58:16Z,1708917,542542,74833,446208,43208,200 OK,200,
upstream,2024-03-04T09:58:16Z,1034583,703583,74125,616167,10625,200 OK,200,
apisix-decoupled,2024-03-04T09:58:16Z,5582667,282917,44208,217667,20292,200 OK,200,
apisix-decoupled,2024-03-04T09:58:16Z,10544541,467208,67916,367500,19916,200 OK,200,
kong,2024-03-04T09:58:16Z,1498250,298542,41417,243958,13000,200 OK,200,
upstream,2024-03-04T09:58:16Z,771833,433000,68833,349375,11666,200 OK,200,
kong,2024-03-04T09:58:16Z,1868583,253250,43500,198292,9000,200 OK,200,
upstream,2024-03-04T09:58:16Z,374375,269250,64417,194583,11792,200 OK,200,
apisix,2024-03-04T09:58:16Z,10143667,1006959,383667,602708,20541,200 OK,200,
apisix,2024-03-04T09:58:16Z,9804542,323500,70583,240792,54541,200 OK,200,
apisix,2024-03-04T09:58:16Z,7162167,523834,67792,444334,9500,200 OK,200,
apisix-decoupled,2024-03-04T09:58:16Z,5452708,406750,88333,301458,14334,200 OK,200,
kong,2024-03-04T09:58:16Z,1267416,537334,80208,393125,39292,200 OK,200,
upstream,2024-03-04T09:58:16Z,623750,459166,39250,406125,20750,200 OK,200,
apisix,2024-03-04T09:58:16Z,4374916,263917,109875,140959,10875,200 OK,200,
apisix-decoupled,2024-03-04T09:58:16Z,10644833,336125,92750,225708,41125,200 OK,200,
kong,2024-03-04T09:58:16Z,1507916,386875,260375,107625,16000,200 OK,200,
apisix-decoupled,2024-03-04T09:58:16Z,11561125,637791,105625,513083,11750,200 OK,200,
upstream,2024-03-04T09:58:16Z,970917,627375,127000,485458,39750,200 OK,200,
kong,2024-03-04T09:58:16Z,1403708,491583,139750,316333,10084,200 OK,200,
apisix,2024-03-04T09:58:16Z,21044375,181416,46000,124083,8209,200 OK,200,
upstream,2024-03-04T09:58:16Z,832750,559667,405667,142333,15667,200 OK,200,
apisix,2024-03-04T09:58:16Z,5341334,425625,99833,313666,11416,200 OK,200,
apisix-decoupled,2024-03-04T09:58:16Z,12284583,295500,71541,204208,18250,200 OK,200,
apisix,2024-03-04T09:58:16Z,21705000,337500,81375,233416,18750,200 OK,200,
apisix-decoupled,2024-03-04T09:58:16Z,28587250,470667,134000,316250,18083,200 OK,200,
kong,2024-03-04T09:58:16Z,3808000,387916,102416,187625,111041,200 OK,200,
upstream,2024-03-04T09:58:16Z,2549375,2009958,161125,1819333,35750,200 OK,200,
apisix-decoupled,2024-03-04T09:58:16Z,31680000,535792,126375,362000,12833,200 OK,200,
kong,2024-03-04T09:58:16Z,15056375,843666,88917,704417,28959,200 OK,200,
apisix-decoupled,2024-03-04T09:58:16Z,11123708,850209,204917,574542,25542,200 OK,200,
upstream,2024-03-04T09:58:16Z,2495791,1403959,111500,1236875,51208,200 OK,200,
apisix,2024-03-04T09:58:16Z,10841458,1655167,152125,1475334,18708,200 OK,200,
kong,2024-03-04T09:58:16Z,11639584,1517917,83083,1357583,10417,200 OK,200,
upstream,2024-03-04T09:58:16Z,4350333,574541,140333,352875,71417,200 OK,200,
kong,2024-03-04T09:58:16Z,14457792,621958,336333,264083,25875,200 OK,200,
apisix,2024-03-04T09:58:16Z,13501500,1818084,67834,1732125,19542,200 OK,200,
upstream,2024-03-04T09:58:16Z,839750,266208,45000,206791,173459,200 OK,200,
apisix-decoupled,2024-03-04T09:58:16Z,13409750,1331584,368167,884875,86917,200 OK,200,
apisix-decoupled,2024-03-04T09:58:16Z,8175583,738791,44375,653500,11292,200 OK,200,
apisix,2024-03-04T09:58:16Z,15851250,838209,346625,459042,70625,200 OK,200,
apisix,2024-03-04T09:58:16Z,27933708,307792,95833,190916,17084,200 OK,200,
kong,2024-03-04T09:58:16Z,22781500,538292,370042,68541,106583,200 OK,200,
upstream,2024-03-04T09:58:16Z,3284667,802708,69667,706000,31291,200 OK,200,
apisix-decoupled,2024-03-04T09:58:16Z,21358084,12333458,2626250,5909625,1095167,200 OK,200,
apisix-decoupled,2024-03-04T09:58:16Z,10315250,1390958,221959,826458,1287834,200 OK,200,
kong,2024-03-04T09:58:16Z,30531167,476084,143792,278666,774667,200 OK,200,
upstream,2024-03-04T09:58:16Z,1748708,1579708,65083,1486083,32750,200 OK,200,
apisix,2024-03-04T09:58:16Z,6270417,586042,57542,497333,23667,200 OK,200,
kong,2024-03-04T09:58:16Z,3894250,1926875,81125,1829584,24000,200 OK,200,
upstream,2024-03-04T09:58:16Z,1011250,592250,92292,477958,17375,200 OK,200,
kong,2024-03-04T09:58:16Z,8619542,2173042,97583,2043041,11042,200 OK,200,
upstream,2024-03-04T09:58:16Z,668667,457042,47375,390042,11459,200 OK,200,
apisix,2024-03-04T09:58:16Z,6381875,450000,178416,254334,14667,200 OK,200,
apisix-decoupled,2024-03-04T09:58:16Z,14203666,716292,45750,654875,16291,200 OK,200,
apisix,2024-03-04T09:58:16Z,15455084,694000,185250,450625,19125,200 OK,200,
apisix-decoupled,2024-03-04T09:58:16Z,6685584,491792,50834,399333,13500,200 OK,200,
apisix,2024-03-04T09:58:16Z,19231167,315917,54625,238333,42500,200 OK,200,
kong,2024-03-04T09:58:16Z,12905000,486500,88958,363375,26750,200 OK,200,
apisix-decoupled,2024-03-04T09:58:16Z,12062417,1066250,399708,572125,103916,200 OK,200,
kong,2024-03-04T09:58:16Z,12132958,2159833,471542,1572167,22292,200 OK,200,
upstream,2024-03-04T09:58:16Z,5344292,2009834,156042,1159792,701375,200 OK,200,
upstream,2024-03-04T09:58:16Z,5269958,1589333,326250,445167,10875,200 OK,200,
apisix-decoupled,2024-03-04T09:58:16Z,11730750,889292,108833,700750,23084,200 OK,200,
kong,2024-03-04T09:58:16Z,2382917,598625,237208,321583,20334,200 OK,200,
kong,2024-03-04T09:58:16Z,13534708,830666,190167,622709,1156917,200 OK,200,
apisix,2024-03-04T09:58:16Z,8655167,922084,49417,795000,24875,200 OK,200,
upstream,2024-03-04T09:58:16Z,2165833,1043875,606875,414167,54750,200 OK,200,
upstream,2024-03-04T09:58:16Z,2698958,1553792,1012750,472000,55583,200 OK,200,
apisix-decoupled,2024-03-04T09:58:16Z,10879541,1183833,342208,797959,41375,200 OK,200,
apisix,2024-03-04T09:58:16Z,19378583,353125,88750,230792,44667,200 OK,200,
apisix,2024-03-04T09:58:16Z,9684750,719833,173250,491709,44500,200 OK,200,
kong,2024-03-04T09:58:16Z,2368542,639750,63875,521959,30042,200 OK,200,
upstream,2024-03-04T09:58:16Z,1405166,599750,141125,404417,38583,200 OK,200,
apisix-decoupled,2024-03-04T09:58:16Z,8507792,1016167,399708,575000,53750,200 OK,200,
apisix-decoupled,2024-03-04T09:58:16Z,8826750,1264500,335208,881000,32458,200 OK,200,
apisix,2024-03-04T09:58:16Z,6132375,734916,60042,643000,16125,200 OK,200,
apisix,2024-03-04T09:58:16Z,19426792,734291,91875,501958,59917,200 OK,200,
kong,2024-03-04T09:58:16Z,2751708,759875,167083,569416,9959,200 OK,200,
kong,2024-03-04T09:58:16Z,3972166,798917,44250,715125,20584,200 OK,200,
upstream,2024-03-04T09:58:16Z,1491167,915125,226500,641084,86625,200 OK,200,
upstream,2024-03-04T09:58:16Z,616291,474459,45583,394417,18209,200 OK,200,
apisix,2024-03-04T09:58:16Z,10212042,809333,54334,740250,10000,200 OK,200,
apisix,2024-03-04T09:58:16Z,9986834,518958,48084,458042,12667,200 OK,200,
apisix-decoupled,2024-03-04T09:58:16Z,14286500,987750,41667,929167,17250,200 OK,200,
apisix-decoupled,2024-03-04T09:58:16Z,21400209,217166,61166,133667,9375,200 OK,200,
apisix-decoupled,2024-03-04T09:58:16Z,11298917,4585000,400209,1939875,913917,200 OK,200,
apisix-decoupled,2024-03-04T09:58:16Z,13524709,4447208,224084,1904500,1009208,200 OK,200,
kong,2024-03-04T09:58:16Z,16504250,3634708,417500,1864333,876541,200 OK,200,
kong,2024-03-04T09:58:16Z,10006875,653583,68584,517833,16125,200 OK,200,
kong,2024-03-04T09:58:16Z,9168375,363583,56458,280375,22417,200 OK,200,
upstream,2024-03-04T09:58:16Z,7230042,189834,121917,55125,8833,200 OK,200,
upstream,2024-03-04T09:58:16Z,4327250,397334,55750,311125,20500,200 OK,200,
upstream,2024-03-04T09:58:16Z,7481500,305542,39959,239959,15334,200 OK,200,
apisix,2024-03-04T09:58:16Z,31316958,644875,82625,550708,7875,200 OK,200,
apisix,2024-03-04T09:58:16Z,31451917,677792,134792,492458,21958,200 OK,200,
kong,2024-03-04T09:58:16Z,42803708,796292,186500,584958,21375,200 OK,200,
apisix,2024-03-04T09:58:16Z,32436083,675875,74458,551708,26875,200 OK,200,
upstream,2024-03-04T09:58:16Z,24068000,11419250,468542,6903291,2833417,200 OK,200,
apisix-decoupled,2024-03-04T09:58:16Z,25819708,11491500,391375,6822750,2842917,200 OK,200,
apisix-decoupled,2024-03-04T09:58:16Z,25952750,11307792,334208,7016500,3008166,200 OK,200,
apisix-decoupled,2024-03-04T09:58:16Z,31348501,10935500,363875,6880333,2923291,200 OK,200,
apisix,2024-03-04T09:58:16Z,31658458,12023958,554333,6640708,421833,200 OK,200,
kong,2024-03-04T09:58:16Z,30768458,11391333,530000,7146458,429666,200 OK,200,
kong,2024-03-04T09:58:16Z,24920375,5533167,461625,5044250,921291,200 OK,200,
kong,2024-03-04T09:58:16Z,31153958,11648208,389584,7181625,513708,200 OK,200,
upstream,2024-03-04T09:58:16Z,24667584,9797500,701917,6637875,3397875,200 OK,200,
upstream,2024-03-04T09:58:16Z,24654250,9763917,668292,6608916,3449292,200 OK,200,
upstream,2024-03-04T09:58:16Z,24709375,9875291,715291,6652542,3352667,200 OK,200,
apisix-decoupled,2024-03-04T09:58:16Z,26517208,9965375,720334,6684292,3826166,200 OK,200,
apisix,2024-03-04T09:58:16Z,96954041,14820542,1101375,9176334,3791500,200 OK,200,
apisix,2024-03-04T09:58:16Z,97048333,14789417,1053709,9210041,3847667,200 OK,200,
apisix,2024-03-04T09:58:16Z,97074542,14679083,619375,9123250,4346667,200 OK,200,
kong,2024-03-04T09:58:16Z,129698250,14455208,564750,9046000,4637042,200 OK,200,
apisix-decoupled,2024-03-04T09:58:16Z,66277167,30760875,935833,23530417,1294417,200 OK,200,
apisix-decoupled,2024-03-04T09:58:16Z,66967375,30805875,907875,23459625,898250,200 OK,200,
upstream,2024-03-04T09:58:16Z,37881000,14970416,1051417,9470042,5194583,200 OK,200,
apisix-decoupled,2024-03-04T09:58:16Z,69994958,30690833,1008333,23813167,809375,200 OK,200,
kong,2024-03-04T09:58:16Z,41038542,14703917,1251958,9597792,3620667,200 OK,200,
kong,2024-03-04T09:58:16Z,40945667,14718500,1304208,9596250,3519042,200 OK,200,
apisix,2024-03-04T09:58:16Z,40854333,14601125,870542,9637459,3456041,200 OK,200,
kong,2024-03-04T09:58:16Z,38692291,12574958,752917,9761500,3580917,200 OK,200,
upstream,2024-03-04T09:58:16Z,24802167,12642459,413083,5673625,3146708,200 OK,200,
upstream,2024-03-04T09:58:16Z,24119584,11830792,768208,5407417,2839625,200 OK,200,
upstream,2024-03-04T09:58:16Z,25066750,12521625,372584,5460250,3196333,200 OK,200,
apisix-decoupled,2024-03-04T09:58:16Z,25534041,12128208,487542,5386167,3123583,200 OK,200,
apisix,2024-03-04T09:58:16Z,44610208,11716000,548125,7817209,3672250,200 OK,200,
kong,2024-03-04T09:58:16Z,44285500,11410458,695417,7735542,3461709,200 OK,200,
apisix,2024-03-04T09:58:16Z,44649292,11741709,692542,7770375,3477375,200 OK,200,
apisix,2024-03-04T09:58:16Z,44564083,11666334,686417,7905542,3656500,200 OK,200,
apisix-decoupled,2024-03-04T09:58:16Z,35096875,15915625,315541,10439834,3567541,200 OK,200,
apisix-decoupled,2024-03-04T09:58:16Z,34189584,15247750,349459,10292792,3568875,200 OK,200,
upstream,2024-03-04T09:58:16Z,35374292,15940791,664834,10156459,3432583,200 OK,200,
apisix-decoupled,2024-03-04T09:58:16Z,35725417,16007084,315666,10383000,3831208,200 OK,200,
kong,2024-03-04T09:58:17Z,84796791,43015625,772292,15258542,2913583,200 OK,200,
kong,2024-03-04T09:58:17Z,84846666,42843792,730000,14982833,2887167,200 OK,200,
apisix,2024-03-04T09:58:17Z,84921333,43148334,854875,15144125,2849125,200 OK,200,
kong,2024-03-04T09:58:17Z,84979792,43136375,830166,15067583,2803917,200 OK,200,
apisix-decoupled,2024-03-04T09:58:17Z,24317208,11112000,520500,7530750,1607958,200 OK,200,
upstream,2024-03-04T09:58:17Z,24490458,10921541,326917,7305875,1792541,200 OK,200,
upstream,2024-03-04T09:58:17Z,24591958,10889208,312500,7439541,1918625,200 OK,200,
upstream,2024-03-04T09:58:17Z,24593333,10868708,303000,7446875,1778541,200 OK,200,
apisix,2024-03-04T09:58:17Z,52446583,23429875,1215208,17322292,3498834,200 OK,200,
apisix,2024-03-04T09:58:17Z,52599875,23689834,1269958,17293542,3464333,200 OK,200,
kong,2024-03-04T09:58:17Z,52877208,23485041,1214250,17232625,3496375,200 OK,200,
apisix,2024-03-04T09:58:17Z,52741292,23404875,1209916,17239625,3569500,200 OK,200,
upstream,2024-03-04T09:58:17Z,25454958,10866000,587166,5038000,3447208,200 OK,200,
apisix-decoupled,2024-03-04T09:58:17Z,27278250,10792125,601792,5149083,3337792,200 OK,200,
apisix-decoupled,2024-03-04T09:58:17Z,27720541,10821125,614167,5022459,3375833,200 OK,200,
apisix-decoupled,2024-03-04T09:58:17Z,29482125,10788834,634167,5017375,3384750,200 OK,200,
kong,2024-03-04T09:58:17Z,33916000,10341625,240542,4791125,956875,200 OK,200,
kong,2024-03-04T09:58:17Z,32386166,10083958,200875,4830667,920250,200 OK,200,
apisix,2024-03-04T09:58:17Z,34090375,10766583,266375,4821458,910208,200 OK,200,
kong,2024-03-04T09:58:17Z,34255041,10628459,166750,4842250,902708,200 OK,200,
upstream,2024-03-04T09:58:17Z,19996041,13189833,582042,6654833,2845291,200 OK,200,
upstream,2024-03-04T09:58:17Z,20132416,13099083,639375,6613334,2919250,200 OK,200,
upstream,2024-03-04T09:58:17Z,20135084,13013166,755291,6773500,2658000,200 OK,200,
apisix,2024-03-04T09:58:17Z,8783584,2384041,74250,1252125,621833,200 OK,200,
apisix-decoupled,2024-03-04T09:58:17Z,29123541,13065250,644042,6552583,2958625,200 OK,200,
apisix,2024-03-04T09:58:17Z,10502375,2283166,82000,1245167,618792,200 OK,200,
apisix,2024-03-04T09:58:17Z,10682667,2354208,61000,1274500,593375,200 OK,200,
apisix-decoupled,2024-03-04T09:58:17Z,26893041,9007958,611667,5466541,1989000,200 OK,200,
kong,2024-03-04T09:58:17Z,27712291,9564042,565792,5505541,2014333,200 OK,200,
apisix-decoupled,2024-03-04T09:58:17Z,26812459,8826792,596084,5465625,1983666,200 OK,200,
apisix-decoupled,2024-03-04T09:58:17Z,27819042,9599416,670292,5423125,1924333,200 OK,200,
upstream,2024-03-04T09:58:17Z,13929292,6392833,278583,3057500,1386208,200 OK,200,
kong,2024-03-04T09:58:17Z,17844709,6374417,284833,3100333,1366083,200 OK,200,
upstream,2024-03-04T09:58:17Z,647958,421750,85542,304417,33625,200 OK,200,
kong,2024-03-04T09:58:17Z,19175792,6098250,231167,3183750,1403958,200 OK,200,
upstream,2024-03-04T09:58:17Z,1123208,890250,185541,680875,35791,200 OK,200,
kong,2024-03-04T09:58:17Z,21310417,6369708,265208,3031583,1418125,200 OK,200,
upstream,2024-03-04T09:58:17Z,1059000,427791,130208,280625,17458,200 OK,200,
apisix,2024-03-04T09:58:17Z,15470708,2260167,78708,2155792,35709,200 OK,200,
apisix,2024-03-04T09:58:17Z,24124542,2411917,109875,806292,29917,200 OK,200,
apisix,2024-03-04T09:58:17Z,19607500,381708,89250,276709,19500,200 OK,200,
apisix,2024-03-04T09:58:17Z,17557459,543584,52417,233500,261167,200 OK,200,
apisix-decoupled,2024-03-04T09:58:17Z,20855125,8020459,196417,5493542,1042958,200 OK,200,
apisix-decoupled,2024-03-04T09:58:17Z,20937333,7943459,284417,5404958,989042,200 OK,200,
apisix-decoupled,2024-03-04T09:58:17Z,21246459,8056500,310917,5438083,966834,200 OK,200,
apisix-decoupled,2024-03-04T09:58:17Z,22140000,8037792,310291,5468875,976917,200 OK,200,
kong,2024-03-04T09:58:17Z,25686792,8687625,117750,6690417,1484500,200 OK,200,
kong,2024-03-04T09:58:17Z,25652166,8719875,170250,6518500,1440042,200 OK,200,
kong,2024-03-04T09:58:17Z,27364375,9021750,339791,6614750,1234375,200 OK,200,
kong,2024-03-04T09:58:17Z,30449916,7592375,135208,6634291,1401708,200 OK,200,
upstream,2024-03-04T09:58:17Z,7080167,3131750,1087542,901917,1217000,200 OK,200,
upstream,2024-03-04T09:58:17Z,7082000,3086833,928292,835709,1404334,200 OK,200,
upstream,2024-03-04T09:58:17Z,5571333,1570459,214417,1301917,861500,200 OK,200,
upstream,2024-03-04T09:58:17Z,1347875,446625,139083,268416,30083,200 OK,200,
apisix,2024-03-04T09:58:17Z,16160417,253083,58792,173750,15083,200 OK,200,
apisix,2024-03-04T09:58:17Z,21385875,562083,327125,214875,15750,200 OK,200,
apisix,2024-03-04T09:58:17Z,27213000,220459,46916,152416,27458,200 OK,200,
apisix-decoupled,2024-03-04T09:58:17Z,22807583,13597125,678166,7009875,2288708,200 OK,200,
apisix-decoupled,2024-03-04T09:58:17Z,17742750,8152083,599291,6164666,2438000,200 OK,200,
apisix,2024-03-04T09:58:17Z,44000709,230875,95292,118250,16125,200 OK,200,
apisix-decoupled,2024-03-04T09:58:17Z,17544417,2476209,608583,1036292,2386125,200 OK,200,
apisix-decoupled,2024-03-04T09:58:17Z,7670541,691208,107125,562917,23459,200 OK,200,
kong,2024-03-04T09:58:17Z,7851125,408750,62208,327708,19875,200 OK,200,
kong,2024-03-04T09:58:17Z,13045375,2551792,56375,1517417,59333,200 OK,200,
kong,2024-03-04T09:58:17Z,13096791,2563792,61917,1603000,28625,200 OK,200,
upstream,2024-03-04T09:58:17Z,7337417,261417,112375,135042,24584,200 OK,200,
upstream,2024-03-04T09:58:17Z,7421250,362250,74500,268916,11459,200 OK,200,
kong,2024-03-04T09:58:17Z,8650083,418500,113334,263041,39583,200 OK,200,
upstream,2024-03-04T09:58:17Z,8952333,486291,92333,357833,59916,200 OK,200,
upstream,2024-03-04T09:58:17Z,1180959,888958,96542,725625,58084,200 OK,200,
apisix,2024-03-04T09:58:17Z,7868583,1075167,234125,679417,19292,200 OK,200,
apisix-decoupled,2024-03-04T09:58:17Z,5473333,705041,142459,523709,30750,200 OK,200,
apisix,2024-03-04T09:58:17Z,16319959,1182250,78125,1059541,16083,200 OK,200,
kong,2024-03-04T09:58:17Z,3684542,261209,80334,160041,26542,200 OK,200,
upstream,2024-03-04T09:58:17Z,1827167,822333,121708,680500,26125,200 OK,200,
apisix-decoupled,2024-03-04T09:58:17Z,5765792,375125,91083,241417,30500,200 OK,200,
kong,2024-03-04T09:58:17Z,1685875,536042,116916,386333,30500,200 OK,200,
upstream,2024-03-04T09:58:17Z,760084,468209,115709,323875,52375,200 OK,200,
apisix,2024-03-04T09:58:17Z,23271500,1462958,47792,1375125,14875,200 OK,200,
apisix,2024-03-04T09:58:17Z,27113042,1530584,56834,1455625,20000,200 OK,200,
apisix-decoupled,2024-03-04T09:58:17Z,4895416,292250,73583,195500,23334,200 OK,200,
kong,2024-03-04T09:58:17Z,1198000,400833,100250,283792,22917,200 OK,200,
apisix,2024-03-04T09:58:17Z,13044750,322667,110125,194500,36916,200 OK,200,
apisix-decoupled,2024-03-04T09:58:17Z,5955208,562333,128125,385417,85083,200 OK,200,
kong,2024-03-04T09:58:17Z,1610459,688583,123583,485583,36333,200 OK,200,
apisix-decoupled,2024-03-04T09:58:17Z,5064458,515834,61292,427833,35042,200 OK,200,
upstream,2024-03-04T09:58:17Z,7132000,389125,106875,253666,25875,200 OK,200,
kong,2024-03-04T09:58:17Z,1910541,451125,138209,293958,24417,200 OK,200,
upstream,2024-03-04T09:58:17Z,3135833,794834,56916,710334,39041,200 OK,200,
upstream,2024-03-04T09:58:17Z,1135875,924458,150292,744542,38125,200 OK,200,
apisix,2024-03-04T09:58:17Z,5755125,735834,209125,504208,508833,200 OK,200,
apisix,2024-03-04T09:58:17Z,4727333,556375,76375,279833,16166,200 OK,200,
apisix,2024-03-04T09:58:17Z,26396833,276667,67791,183833,22875,200 OK,200,
apisix,2024-03-04T09:58:17Z,13854583,440542,89667,333375,25459,200 OK,200,
apisix-decoupled,2024-03-04T09:58:17Z,4827417,412959,145333,245125,23334,200 OK,200,
kong,2024-03-04T09:58:17Z,1908791,278208,60625,197041,19667,200 OK,200,
upstream,2024-03-04T09:58:17Z,743125,580042,133833,417791,32917,200 OK,200,
apisix-decoupled,2024-03-04T09:58:17Z,5424125,313333,70791,222042,21958,200 OK,200,
apisix-decoupled,2024-03-04T09:58:17Z,15828417,379875,49791,315458,21042,200 OK,200,
kong,2024-03-04T09:58:17Z,1083958,285792,76000,193375,19416,200 OK,200,
kong,2024-03-04T09:58:17Z,1703125,449500,110458,290375,52166,200 OK,200,
upstream,2024-03-04T09:58:17Z,965042,484958,81042,362166,61625,200 OK,200,
upstream,2024-03-04T09:58:17Z,679708,431709,173625,220291,65459,200 OK,200,
apisix,2024-03-04T09:58:17Z,5595458,386500,90625,277875,20333,200 OK,200,
apisix-decoupled,2024-03-04T09:58:17Z,21604167,293667,79125,195875,18000,200 OK,200,
apisix,2024-03-04T09:58:17Z,3751000,164208,39333,82208,14708,200 OK,200,
kong,2024-03-04T09:58:17Z,1213417,397709,94000,287667,13291,200 OK,200,
upstream,2024-03-04T09:58:17Z,426083,297167,60916,219541,17375,200 OK,200,
apisix-decoupled,2024-03-04T09:58:17Z,5301208,349166,62291,271792,15708,200 OK,200,
kong,2024-03-04T09:58:17Z,1334167,400958,103583,263084,23292,200 OK,200,
upstream,2024-03-04T09:58:17Z,863750,589542,70917,488250,72917,200 OK,200,
apisix,2024-03-04T09:58:17Z,6951708,691209,118917,546459,36417,200 OK,200,
apisix-decoupled,2024-03-04T09:58:17Z,19794500,400292,85334,296958,13959,200 OK,200,
apisix,2024-03-04T09:58:17Z,22577917,342167,120208,185542,41417,200 OK,200,
kong,2024-03-04T09:58:17Z,2241666,848416,136709,663666,16750,200 OK,200,
upstream,2024-03-04T09:58:17Z,1191416,299041,108208,154500,24875,200 OK,200,
apisix-decoupled,2024-03-04T09:58:17Z,12431167,629209,76708,510292,38666,200 OK,200,
apisix,2024-03-04T09:58:17Z,25745042,420584,47208,355917,18333,200 OK,200,
apisix-decoupled,2024-03-04T09:58:17Z,10502625,281542,71667,193917,54250,200 OK,200,
kong,2024-03-04T09:58:17Z,2296458,796417,176875,592416,28292,200 OK,200,
upstream,2024-03-04T09:58:17Z,662333,400792,117042,260375,27250,200 OK,200,
apisix,2024-03-04T09:58:17Z,8332458,430291,49959,363083,21625,200 OK,200,
kong,2024-03-04T09:58:17Z,4064292,438791,148916,253125,87250,200 OK,200,
upstream,2024-03-04T09:58:17Z,775958,505042,69792,400416,27125,200 OK,200,
apisix-decoupled,2024-03-04T09:58:17Z,10306500,1999458,319291,1654250,31167,200 OK,200,
kong,2024-03-04T09:58:17Z,1961875,650875,233541,369958,33208,200 OK,200,
apisix,2024-03-04T09:58:17Z,6074917,423250,94416,312125,21334,200 OK,200,
upstream,2024-03-04T09:58:17Z,2010917,797250,55583,589125,201417,200 OK,200,
apisix-decoupled,2024-03-04T09:58:17Z,14285958,899917,393750,476042,45584,200 OK,200,
apisix,2024-03-04T09:58:17Z,15156750,547917,60917,446166,25000,200 OK,200,
kong,2024-03-04T09:58:17Z,1572833,449959,69708,240541,143459,200 OK,200,
upstream,2024-03-04T09:58:17Z,1555959,1161625,244875,865625,29667,200 OK,200,
apisix,2024-03-04T09:58:17Z,17624792,375875,50917,307250,18125,200 OK,200,
apisix,2024-03-04T09:58:17Z,11974125,465375,53625,390959,25750,200 OK,200,
apisix-decoupled,2024-03-04T09:58:17Z,19606916,346458,95166,227000,31125,200 OK,200,
apisix-decoupled,2024-03-04T09:58:17Z,14455542,457167,146083,284500,23292,200 OK,200,
apisix-decoupled,2024-03-04T09:58:17Z,25363667,6459583,234791,3309375,1743958,200 OK,200,
kong,2024-03-04T09:58:17Z,25336417,6384792,316542,3283084,1691250,200 OK,200,
kong,2024-03-04T09:58:17Z,25427958,6427083,254125,3273500,1755125,200 OK,200,
apisix-decoupled,2024-03-04T09:58:17Z,25398375,6432375,312125,3193625,1703709,200 OK,200,
upstream,2024-03-04T09:58:17Z,9721083,5275834,469291,3227875,828875,200 OK,200,
upstream,2024-03-04T09:58:17Z,9726666,5154625,517084,3170750,861833,200 OK,200,
kong,2024-03-04T09:58:17Z,11884625,5292625,514584,3270959,759083,200 OK,200,
kong,2024-03-04T09:58:17Z,12276209,5243333,513667,3113583,841958,200 OK,200,
upstream,2024-03-04T09:58:17Z,771500,352875,156833,175500,35167,200 OK,200,
upstream,2024-03-04T09:58:17Z,1665958,1428459,174708,1233750,18750,200 OK,200,
apisix,2024-03-04T09:58:17Z,5805125,387459,68875,284250,28709,200 OK,200,
apisix,2024-03-04T09:58:17Z,6275875,1051166,121417,903041,34583,200 OK,200,
apisix-decoupled,2024-03-04T09:58:17Z,5138042,695458,126584,518125,65583,200 OK,200,
apisix,2024-03-04T09:58:17Z,14624291,1600125,52167,801000,36167,200 OK,200,
apisix-decoupled,2024-03-04T09:58:17Z,5763500,886833,161166,633667,76542,200 OK,200,
apisix,2024-03-04T09:58:17Z,21243375,1621541,51084,822125,23542,200 OK,200,
apisix-decoupled,2024-03-04T09:58:17Z,6955208,454125,98792,322958,46083,200 OK,200,
kong,2024-03-04T09:58:17Z,3882583,595208,308125,263250,35125,200 OK,200,
kong,2024-03-04T09:58:17Z,9440500,630000,178333,425166,29584,200 OK,200,
kong,2024-03-04T09:58:17Z,12083458,714500,60333,597084,37750,200 OK,200,
upstream,2024-03-04T09:58:17Z,10427083,7445375,83542,6316459,35709,200 OK,200,
upstream,2024-03-04T09:58:17Z,10785875,1394709,42959,647042,4166625,200 OK,200,
upstream,2024-03-04T09:58:17Z,10292667,946083,839958,84917,3339791,200 OK,200,
apisix,2024-03-04T09:58:17Z,7546708,2025667,155334,823083,9500,200 OK,200,
apisix,2024-03-04T09:58:17Z,7540667,2040917,160166,828291,13417,200 OK,200,
apisix,2024-03-04T09:58:17Z,7710375,2001167,104250,847375,26916,200 OK,200,
apisix-decoupled,2024-03-04T09:58:17Z,9039583,590500,307250,242125,18083,200 OK,200,
apisix-decoupled,2024-03-04T09:58:17Z,32443417,802125,261000,484125,64083,200 OK,200,
apisix-decoupled,2024-03-04T09:58:17Z,13648500,603250,291500,259416,55958,200 OK,200,
apisix-decoupled,2024-03-04T09:58:17Z,15884042,380209,245959,111500,16916,200 OK,200,
kong,2024-03-04T09:58:17Z,10540208,2677500,196041,1543500,42833,200 OK,200,
kong,2024-03-04T09:58:17Z,6619291,550250,75917,449708,11791,200 OK,200,
kong,2024-03-04T09:58:17Z,11437917,3233417,244417,1498375,74875,200 OK,200,
kong,2024-03-04T09:58:17Z,10167542,817625,209167,526666,69167,200 OK,200,
upstream,2024-03-04T09:58:17Z,6183000,441292,203333,200083,80000,200 OK,200,
upstream,2024-03-04T09:58:17Z,6424417,661667,118209,501709,21750,200 OK,200,
upstream,2024-03-04T09:58:17Z,6538209,670208,171750,469750,13125,200 OK,200,
upstream,2024-03-04T09:58:17Z,816666,566875,118750,396292,32458,200 OK,200,
apisix,2024-03-04T09:58:17Z,7469625,382208,56208,311417,10333,200 OK,200,
apisix,2024-03-04T09:58:17Z,7670083,402167,323833,61208,13750,200 OK,200,
apisix,2024-03-04T09:58:17Z,7914875,447083,187542,241000,11208,200 OK,200,
apisix,2024-03-04T09:58:17Z,12318125,557334,66542,472834,16833,200 OK,200,
apisix-decoupled,2024-03-04T09:58:17Z,5973625,1082625,340917,648667,51208,200 OK,200,
apisix-decoupled,2024-03-04T09:58:17Z,5036583,372333,53000,291833,19000,200 OK,200,
kong,2024-03-04T09:58:17Z,6324083,378625,69708,292916,12750,200 OK,200,
kong,2024-03-04T09:58:17Z,2771583,659000,150250,469875,31750,200 OK,200,
apisix-decoupled,2024-03-04T09:58:17Z,15695958,971791,305750,616583,37209,200 OK,200,
kong,2024-03-04T09:58:17Z,4186459,758791,102541,628667,14584,200 OK,200,
upstream,2024-03-04T09:58:17Z,11155750,229000,88958,84958,16125,200 OK,200,
upstream,2024-03-04T09:58:17Z,11134500,327708,30917,281041,11666,200 OK,200,
upstream,2024-03-04T09:58:17Z,3566375,727792,258375,424542,21291,200 OK,200,
apisix,2024-03-04T09:58:17Z,7515250,458916,167000,211542,43375,200 OK,200,
apisix,2024-03-04T09:58:17Z,7674833,433750,60583,351791,13625,200 OK,200,
apisix,2024-03-04T09:58:17Z,8848125,596541,165375,410125,29917,200 OK,200,
apisix-decoupled,2024-03-04T09:58:17Z,35667458,926416,345708,542958,30708,200 OK,200,
apisix-decoupled,2024-03-04T09:58:17Z,8148334,486042,48292,284916,157542,200 OK,200,
apisix-decoupled,2024-03-04T09:58:17Z,10768792,970167,453917,358667,69209,200 OK,200,
kong,2024-03-04T09:58:17Z,18401542,1095459,403083,658792,34833,200 OK,200,
kong,2024-03-04T09:58:17Z,18116875,419458,150500,227917,39041,200 OK,200,
kong,2024-03-04T09:58:17Z,16929041,501750,76792,344959,16334,200 OK,200,
upstream,2024-03-04T09:58:17Z,18248667,10432916,492958,5696875,1461167,200 OK,200,
upstream,2024-03-04T09:58:17Z,18214958,10527334,520709,5769084,1406458,200 OK,200,
upstream,2024-03-04T09:58:17Z,18199708,10435542,462250,5750458,1497917,200 OK,200,
apisix-decoupled,2024-03-04T09:58:17Z,46629500,509875,83917,371667,28292,200 OK,200,
apisix,2024-03-04T09:58:17Z,13376167,4670292,289167,2584167,647916,200 OK,200,
apisix,2024-03-04T09:58:17Z,13721125,4774917,295084,2532333,644166,200 OK,200,
kong,2024-03-04T09:58:17Z,12399959,517875,121625,346542,28083,200 OK,200,
apisix-decoupled,2024-03-04T09:58:17Z,8389917,375750,77958,277542,21750,200 OK,200,
apisix,2024-03-04T09:58:17Z,25548750,4841625,326125,2553125,612625,200 OK,200,
apisix-decoupled,2024-03-04T09:58:17Z,18145167,600792,47875,512667,21792,200 OK,200,
upstream,2024-03-04T09:58:17Z,11819959,775792,238250,458375,81708,200 OK,200,
kong,2024-03-04T09:58:17Z,14225042,1563375,190708,1225333,59875,200 OK,200,
apisix-decoupled,2024-03-04T09:58:17Z,18799541,1777583,68833,1667208,30333,200 OK,200,
upstream,2024-03-04T09:58:17Z,8056958,908375,67750,608208,1319792,200 OK,200,
kong,2024-03-04T09:58:17Z,29994208,5358000,760459,4552917,1605542,200 OK,200,
apisix,2024-03-04T09:58:17Z,28971291,4104542,866375,3187125,1464792,200 OK,200,
kong,2024-03-04T09:58:17Z,37952792,16189833,836542,12537500,345000,200 OK,200,
apisix,2024-03-04T09:58:17Z,37989083,16076583,639208,12554084,489917,200 OK,200,
upstream,2024-03-04T09:58:17Z,11240125,9666291,105833,7584208,1356167,200 OK,200,
upstream,2024-03-04T09:58:17Z,34272792,23535167,487708,20024209,259916,200 OK,200,
apisix-decoupled,2024-03-04T09:58:17Z,34186625,22893750,362875,20067125,360542,200 OK,200,
apisix-decoupled,2024-03-04T09:58:17Z,36061042,9677500,261750,7454625,1266083,200 OK,200,
apisix,2024-03-04T09:58:17Z,41388333,23785500,1217833,17502792,2255500,200 OK,200,
apisix,2024-03-04T09:58:17Z,41383625,23911667,1173583,17480833,2279625,200 OK,200,
kong,2024-03-04T09:58:17Z,42808583,23719583,1159458,17429583,2345875,200 OK,200,
upstream,2024-03-04T09:58:17Z,26254709,7922041,113584,6811500,1651917,200 OK,200,
apisix-decoupled,2024-03-04T09:58:17Z,27740625,9423375,137584,6729333,1560833,200 OK,200,
apisix-decoupled,2024-03-04T09:58:17Z,29651250,9494875,158083,6821583,1610291,200 OK,200,
kong,2024-03-04T09:58:17Z,47401625,25506500,8304917,12299125,2834791,200 OK,200,
kong,2024-03-04T09:58:17Z,33746042,17977042,674250,15528791,1767541,200 OK,200,
apisix,2024-03-04T09:58:17Z,35385625,19598458,634084,15572958,1805000,200 OK,200,
upstream,2024-03-04T09:58:17Z,33109625,17273750,702625,15544666,1752083,200 OK,200,
kong,2024-03-04T09:58:17Z,35459709,19542792,643125,15495792,1771416,200 OK,200,
upstream,2024-03-04T09:58:17Z,27861875,16864584,1386000,11243167,2178625,200 OK,200,
upstream,2024-03-04T09:58:17Z,27980709,16942208,1397334,11232334,2219291,200 OK,200,
apisix-decoupled,2024-03-04T09:58:17Z,31828958,16853458,1609208,11275708,1982541,200 OK,200,
apisix,2024-03-04T09:58:17Z,45699084,16588167,1392666,11216334,2123208,200 OK,200,
apisix,2024-03-04T09:58:17Z,40197084,16357917,1221666,10241459,2028084,200 OK,200,
apisix,2024-03-04T09:58:17Z,40461751,16403459,1137625,10210042,3454000,200 OK,200,
kong,2024-03-04T09:58:17Z,37735500,13956876,1113208,10231167,2137625,200 OK,200,
apisix-decoupled,2024-03-04T09:58:18Z,58266958,24504334,2214917,17843417,1296500,200 OK,200,
apisix-decoupled,2024-03-04T09:58:18Z,69655708,41719041,512209,32805625,1208334,200 OK,200,
apisix-decoupled,2024-03-04T09:58:18Z,69666708,41691958,434333,32834125,1265792,200 OK,200,
upstream,2024-03-04T09:58:18Z,69556250,41727208,453333,32852000,1698500,200 OK,200,
kong,2024-03-04T09:58:18Z,81309500,6700833,445792,2886375,1219541,200 OK,200,
kong,2024-03-04T09:58:18Z,70733666,48091417,1907667,38601125,1827583,200 OK,200,
kong,2024-03-04T09:58:18Z,70803750,48077708,1349959,38646958,1292167,200 OK,200,
apisix,2024-03-04T09:58:18Z,70875250,48237917,1813541,38793083,1954208,200 OK,200,
upstream,2024-03-04T09:58:18Z,31738875,21037792,661917,12944084,3081417,200 OK,200,
upstream,2024-03-04T09:58:18Z,25728708,14729875,1004042,10402250,2076292,200 OK,200,
upstream,2024-03-04T09:58:18Z,25906541,14992958,546917,10461209,3764292,200 OK,200,
apisix-decoupled,2024-03-04T09:58:18Z,27623084,14360666,616625,10427000,2401375,200 OK,200,
apisix,2024-03-04T09:58:18Z,18840958,5258375,641500,3638625,2343916,200 OK,200,
kong,2024-03-04T09:58:18Z,37775500,13254666,685083,6358916,1842041,200 OK,200,
apisix,2024-03-04T09:58:18Z,39105583,14450000,710333,6386083,1804792,200 OK,200,
apisix,2024-03-04T09:58:18Z,39247042,14241833,563459,6427958,1939167,200 OK,200,
apisix-decoupled,2024-03-04T09:58:18Z,39715334,13220791,594792,6380708,1929750,200 OK,200,
upstream,2024-03-04T09:58:18Z,66939209,48431041,1196583,16515500,3450666,200 OK,200,
apisix-decoupled,2024-03-04T09:58:18Z,67536875,48038500,1513875,16588666,2963750,200 OK,200,
apisix-decoupled,2024-03-04T09:58:18Z,67977625,48436250,1529833,16571250,3031417,200 OK,200,
kong,2024-03-04T09:58:18Z,77303834,47451959,955875,16604542,5438500,200 OK,200,
kong,2024-03-04T09:58:18Z,43151375,14320375,87875,9826875,1608542,200 OK,200,
kong,2024-03-04T09:58:18Z,43181625,14411875,1126583,9905500,1074958,200 OK,200,
upstream,2024-03-04T09:58:18Z,32386833,7216208,934667,3476250,722291,200 OK,200,
apisix,2024-03-04T09:58:18Z,54160208,14389292,263042,9751166,1947458,200 OK,200,
apisix-decoupled,2024-03-04T09:58:18Z,23724625,4779041,572792,2939417,275125,200 OK,200,
apisix,2024-03-04T09:58:18Z,34211083,15546584,488666,9871292,350041,200 OK,200,
upstream,2024-03-04T09:58:18Z,34347291,15590583,560042,9995250,374792,200 OK,200,
upstream,2024-03-04T09:58:18Z,34554792,15568209,590375,9815959,377709,200 OK,200,
kong,2024-03-04T09:58:18Z,42148417,15029083,982167,11532459,1769709,200 OK,200,
apisix-decoupled,2024-03-04T09:58:18Z,42228875,14993958,913208,11540292,1846542,200 OK,200,
apisix,2024-03-04T09:58:18Z,41650291,15065167,935917,11554167,1790375,200 OK,200,
apisix,2024-03-04T09:58:18Z,55811000,14382333,901125,11492500,1879792,200 OK,200,
upstream,2024-03-04T09:58:18Z,61499709,36330334,793291,24228250,5428167,200 OK,200,
apisix-decoupled,2024-03-04T09:58:18Z,51009584,23291541,770833,19221666,5366625,200 OK,200,
apisix-decoupled,2024-03-04T09:58:18Z,65057709,36399625,715625,24725000,5446333,200 OK,200,
kong,2024-03-04T09:58:18Z,79200250,36409917,844958,25059291,5801417,200 OK,200,
upstream,2024-03-04T09:58:18Z,42582625,22391584,982375,16527042,8288083,200 OK,200,
kong,2024-03-04T09:58:18Z,60165625,17210208,699083,13258292,2365542,200 OK,200,
apisix,2024-03-04T09:58:18Z,60531250,17377625,703000,13217834,2474583,200 OK,200,
kong,2024-03-04T09:58:18Z,59401791,16431917,710542,13151083,2346166,200 OK,200,
apisix,2024-03-04T09:58:18Z,50708000,26596000,2647542,16841916,5258917,200 OK,200,
apisix-decoupled,2024-03-04T09:58:18Z,50655167,26517833,2231916,16998291,5796541,200 OK,200,
upstream,2024-03-04T09:58:18Z,51205167,26517792,2387458,16948791,5708834,200 OK,200,
upstream,2024-03-04T09:58:18Z,51223750,26465959,2684958,17119250,5412875,200 OK,200,
apisix-decoupled,2024-03-04T09:58:18Z,67174875,26528459,1481583,18579834,3548375,200 OK,200,
apisix,2024-03-04T09:58:18Z,67206209,26590417,1490292,19386875,3509333,200 OK,200,
kong,2024-03-04T09:58:18Z,67211209,26578459,1499333,19358334,3539625,200 OK,200,
apisix,2024-03-04T09:58:18Z,67153541,26460500,1582750,19459375,3431291,200 OK,200,
upstream,2024-03-04T09:58:18Z,415945417,310643500,21325584,213433750,29062834,200 OK,200,
apisix-decoupled,2024-03-04T09:58:18Z,420371083,311089833,21348791,232956708,29104542,200 OK,200,
apisix-decoupled,2024-03-04T09:58:18Z,587906917,310784917,21287167,212572083,29176208,200 OK,200,
kong,2024-03-04T09:58:18Z,660363875,310715584,60506959,162853375,27842709,200 OK,200,
apisix,2024-03-04T09:58:19Z,708114001,273399458,13205500,181387375,79970917,200 OK,200,
kong,2024-03-04T09:58:19Z,1120619876,316386042,22159959,221123584,40806791,200 OK,200,
kong,2024-03-04T09:58:19Z,927660417,135681084,22108875,26163583,40844041,200 OK,200,
upstream,2024-03-04T09:58:19Z,3534831419,519041458,118348833,319641584,307058084,200 OK,200,
apisix-decoupled,2024-03-04T09:58:19Z,3737409585,2804929543,162456542,2118563834,295808167,200 OK,200,
upstream,2024-03-04T09:58:20Z,3122487418,2125706709,55384334,702792250,301568792,200 OK,200,
upstream,2024-03-04T09:58:20Z,3217132751,2139382418,55326334,702833209,255399083,200 OK,200,
apisix,2024-03-04T09:58:22Z,2118893043,725595417,44712958,516444458,96748917,200 OK,200,
apisix,2024-03-04T09:58:23Z,1565821084,617874625,37155000,494404250,174066250,200 OK,200,
apisix,2024-03-04T09:58:23Z,1645138126,578739084,37163000,496632501,142454417,200 OK,200,
kong,2024-03-04T09:58:23Z,2657958626,709040125,77624875,451744458,121195375,200 OK,200,
apisix-decoupled,2024-03-04T09:58:25Z,1356428042,676618792,85684042,334548459,88785750,200 OK,200,
apisix-decoupled,2024-03-04T09:58:25Z,1518022126,915042001,117415959,528774167,129390375,200 OK,200,
apisix-decoupled,2024-03-04T09:58:25Z,2657195834,1130676917,85520917,798929792,88286792,200 OK,200,
upstream,2024-03-04T09:58:26Z,3909649252,782125917,134222917,440216250,310954500,200 OK,200,
kong,2024-03-04T09:58:27Z,8177144837,917567167,108188000,576817459,174605750,200 OK,200,
kong,2024-03-04T09:58:27Z,8220196670,939218208,108231959,595374001,223843209,200 OK,200,
kong,2024-03-04T09:58:27Z,0,6510532878,616022958,4306503044,969844917,,0,"Get ""http://kong-gateway:8000/anything/of-foo"": context deadline exceeded (Client.Timeout exceeded while awaiting headers)"
apisix,2024-03-04T09:58:30Z,8725191046,6469937544,344007208,3241836126,456999042,200 OK,200,
upstream,2024-03-04T09:58:34Z,4357122585,3364797251,112378667,2348455001,441944667,200 OK,200,
upstream,2024-03-04T09:58:34Z,4343139544,2885987627,148823583,1346887042,404375292,200 OK,200,
upstream,2024-03-04T09:58:38Z,4156583418,1528721835,158539709,1087632792,243675209,200 OK,200,
apisix-decoupled,2024-03-04T09:58:39Z,3612665960,1324692668,234233584,841143417,363137875,200 OK,200,
apisix,2024-03-04T09:58:39Z,3509973835,1051750084,169263750,545252250,363949917,200 OK,200,
apisix,2024-03-04T09:58:39Z,7017917253,1354029126,205637417,884513542,732769708,200 OK,200,
kong,2024-03-04T09:58:42Z,0,1686316418,246351542,1006459583,308440916,,0,"Get ""http://kong-gateway:8000/anything/of-foo"": context deadline exceeded (Client.Timeout exceeded while awaiting headers)"
apisix-decoupled,2024-03-04T09:58:42Z,0,1672369793,208529959,983973751,349464708,,0,"Get ""http://apisix-gateway-decoupled:9080/anything/of-foo"": context deadline exceeded (Client.Timeout exceeded while awaiting headers)"
apisix,2024-03-04T09:58:42Z,0,2196411335,207472625,1183134251,456818875,,0,"Get ""http://apisix-gateway:9080/anything/of-foo"": context deadline exceeded (Client.Timeout exceeded while awaiting headers)"
apisix-decoupled,2024-03-04T09:58:47Z,0,0,0,7938113712,0,,0,"Get ""http://apisix-gateway-decoupled:9080/anything/of-foo"": context deadline exceeded (Client.Timeout exceeded while awaiting headers)"
upstream,2024-03-04T09:58:58Z,0,0,0,3514078418,0,,0,"Get ""http://httpgobin:8080/anything/of-foo"": context deadline exceeded (Client.Timeout exceeded while awaiting headers)"
apisix-decoupled,2024-03-04T09:58:59Z,0,0,0,5712147544,0,,0,"Get ""http://apisix-gateway-decoupled:9080/anything/of-foo"": context deadline exceeded (Client.Timeout exceeded while awaiting headers)"
kong,2024-03-04T09:59:01Z,0,0,0,1665616792,0,,0,"Get ""http://kong-gateway:8000/anything/of-foo"": context deadline exceeded (Client.Timeout exceeded while awaiting headers)"
kong,2024-03-04T09:59:04Z,0,0,0,2758036209,0,,0,"Get ""http://kong-gateway:8000/anything/of-foo"": context deadline exceeded (Client.Timeout exceeded while awaiting headers)"
kong,2024-03-04T09:59:14Z,0,0,0,16099727425,0,,0,"Get ""http://kong-gateway:8000/anything/of-foo"": context deadline exceeded (Client.Timeout exceeded while awaiting headers)"
upstream,2024-03-04T09:59:15Z,0,0,0,0,0,,0,"Get ""http://httpgobin:8080/anything/of-foo"": context deadline exceeded (Client.Timeout exceeded while awaiting headers)"
apisix,2024-03-04T09:59:12Z,0,0,0,24782450178,0,,0,"Get ""http://apisix-gateway:9080/anything/of-foo"": context deadline exceeded (Client.Timeout exceeded while awaiting headers)"
upstream,2024-03-04T09:59:19Z,0,0,0,0,0,,0,"Get ""http://httpgobin:8080/anything/of-foo"": context deadline exceeded (Client.Timeout exceeded while awaiting headers)"
upstream,2024-03-04T10:00:06Z,0,0,0,0,0,,0,"Get ""http://httpgobin:8080/anything/of-foo"": context deadline exceeded (Client.Timeout exceeded while awaiting headers)"
apisix-decoupled,2024-03-04T10:00:09Z,0,0,0,0,0,,0,"Get ""http://apisix-gateway-decoupled:9080/anything/of-foo"": context deadline exceeded (Client.Timeout exceeded while awaiting headers)"
kong,2024-03-04T10:00:54Z,0,0,0,3773369502,0,,0,"Get ""http://kong-gateway:8000/anything/of-foo"": context deadline exceeded (Client.Timeout exceeded while awaiting headers)"
